,Age,RoomService,FoodCourt,ShoppingMall,Spa,VRDeck,HomePlanet_Earth,HomePlanet_Europa,HomePlanet_Mars,CryoSleep_False,CryoSleep_True,Destination_55 Cancri e,Destination_PSO J318.5-22,Destination_TRAPPIST-1e,VIP_False,VIP_True
0,39.0,0.0,0.0,0.0,0.0,0.0,0,1,0,1,0,0,0,1,1,0
3,33.0,0.0,1283.0,371.0,3329.0,193.0,0,1,0,1,0,0,0,1,1,0
8,35.0,0.0,785.0,17.0,216.0,0.0,1,0,0,1,0,0,0,1,1,0
14,28.0,8.0,974.0,12.0,2.0,7.0,1,0,0,1,0,0,0,1,1,0
15,31.0,32.0,0.0,876.0,0.0,0.0,1,0,0,1,0,0,0,1,1,0
23,29.0,0.0,0.0,,0.0,0.0,1,0,0,0,1,1,0,0,1,0
28,62.0,0.0,0.0,,0.0,0.0,0,1,0,0,1,0,0,1,1,0
29,15.0,0.0,225.0,0.0,998.0,0.0,1,0,0,1,0,0,0,1,1,0
42,45.0,0.0,164.0,45.0,2511.0,855.0,0,1,0,1,0,0,0,1,1,0
46,21.0,970.0,0.0,180.0,0.0,64.0,0,0,1,1,0,0,0,1,1,0
50,,4.0,0.0,2.0,4683.0,0.0,1,0,0,1,0,0,0,1,1,0
52,2.0,0.0,0.0,0.0,0.0,0.0,0,1,0,1,0,0,0,1,1,0
56,22.0,45.0,1096.0,148.0,1377.0,1.0,1,0,0,1,0,0,0,1,1,0
58,15.0,0.0,0.0,0.0,0.0,0.0,0,0,1,0,1,0,0,1,1,0
60,62.0,1.0,153.0,197.0,0.0,460.0,1,0,0,1,0,0,0,1,1,0
62,18.0,1.0,258.0,446.0,0.0,0.0,1,0,0,1,0,0,0,1,1,0
63,21.0,1946.0,37.0,0.0,0.0,24.0,1,0,0,1,0,1,0,0,1,0
64,,793.0,0.0,2.0,253.0,0.0,0,0,1,1,0,0,0,1,1,0
65,42.0,887.0,0.0,9.0,6.0,0.0,1,0,0,1,0,0,0,1,1,0
68,14.0,0.0,1.0,0.0,0.0,1063.0,1,0,0,1,0,0,0,1,1,0
71,27.0,147.0,0.0,1018.0,0.0,0.0,0,0,1,1,0,0,0,1,1,0
74,13.0,0.0,0.0,0.0,0.0,0.0,1,0,0,0,1,0,0,1,1,0
76,2.0,0.0,0.0,0.0,0.0,0.0,0,0,1,0,1,0,0,1,1,0
81,45.0,0.0,0.0,0.0,0.0,0.0,0,0,1,0,1,0,1,0,1,0
82,35.0,0.0,0.0,0.0,0.0,0.0,1,0,0,0,1,0,0,1,1,0
106,28.0,0.0,0.0,0.0,0.0,0.0,0,1,0,0,1,0,0,1,1,0
116,29.0,0.0,0.0,0.0,699.0,74.0,1,0,0,1,0,0,0,1,1,0
117,18.0,55.0,597.0,49.0,0.0,1.0,1,0,0,1,0,0,0,1,1,0
118,67.0,0.0,0.0,0.0,0.0,0.0,0,0,1,0,1,0,0,1,1,0
121,45.0,2103.0,6.0,0.0,0.0,0.0,0,0,1,1,0,0,0,1,1,0
125,19.0,0.0,14.0,730.0,0.0,0.0,1,0,0,1,0,0,0,1,1,0
136,42.0,1072.0,0.0,10.0,0.0,76.0,0,0,1,1,0,0,0,1,1,0
142,17.0,0.0,0.0,0.0,0.0,0.0,0,1,0,0,1,0,0,1,1,0
149,24.0,0.0,0.0,0.0,221.0,567.0,1,0,0,1,0,0,0,1,1,0
151,32.0,0.0,0.0,0.0,0.0,0.0,1,0,0,0,1,0,0,1,1,0
154,38.0,0.0,10346.0,1.0,14970.0,2111.0,0,1,0,1,0,0,0,1,1,0
158,3.0,0.0,0.0,0.0,0.0,0.0,1,0,0,1,0,0,0,1,1,0
159,20.0,0.0,0.0,3.0,299.0,92.0,1,0,0,1,0,0,0,1,1,0
175,52.0,0.0,0.0,0.0,0.0,0.0,1,0,0,0,0,0,1,0,1,0
185,19.0,0.0,0.0,0.0,0.0,0.0,1,0,0,0,1,0,1,0,1,0
189,17.0,848.0,0.0,307.0,182.0,0.0,0,0,1,1,0,0,0,1,1,0
190,13.0,192.0,0.0,0.0,51.0,739.0,1,0,0,1,0,0,0,1,1,0
196,2.0,0.0,0.0,0.0,0.0,0.0,1,0,0,0,1,0,0,1,1,0
206,21.0,0.0,0.0,0.0,0.0,0.0,0,0,1,0,1,0,0,1,1,0
208,16.0,915.0,0.0,221.0,234.0,0.0,0,0,1,1,0,0,0,1,1,0
209,42.0,0.0,0.0,0.0,0.0,0.0,0,0,1,0,1,0,0,1,1,0
218,27.0,0.0,,0.0,0.0,0.0,1,0,0,0,1,0,1,0,1,0
219,32.0,56.0,0.0,256.0,1438.0,0.0,0,0,1,1,0,0,0,1,1,0
220,43.0,,888.0,0.0,0.0,0.0,1,0,0,1,0,0,0,1,1,0
221,42.0,0.0,0.0,0.0,0.0,0.0,0,1,0,0,1,0,0,1,1,0
228,14.0,0.0,0.0,0.0,0.0,0.0,0,0,1,0,1,1,0,0,0,0
232,33.0,0.0,1.0,0.0,8620.0,1063.0,0,1,0,1,0,0,0,1,1,0
237,21.0,702.0,172.0,408.0,2.0,6.0,1,0,0,1,0,0,0,1,1,0
239,21.0,1664.0,0.0,,0.0,0.0,0,0,1,1,0,1,0,0,1,0
252,45.0,0.0,97.0,0.0,14.0,333.0,1,0,0,1,0,0,0,1,1,0
253,19.0,0.0,0.0,2078.0,0.0,0.0,1,0,0,1,0,0,0,1,1,0
256,22.0,146.0,654.0,1.0,0.0,2.0,1,0,0,1,0,0,0,1,1,0
259,57.0,3.0,1281.0,29.0,162.0,13.0,1,0,0,1,0,1,0,0,1,0
262,19.0,0.0,0.0,0.0,0.0,828.0,1,0,0,1,0,1,0,0,1,0
277,23.0,368.0,175.0,259.0,1.0,101.0,1,0,0,1,0,0,0,1,1,0
281,60.0,7.0,540.0,1.0,0.0,4.0,1,0,0,1,0,0,1,0,1,0
282,,0.0,0.0,,0.0,0.0,1,0,0,0,1,1,0,0,1,0
285,26.0,386.0,0.0,74.0,0.0,1330.0,1,0,0,1,0,1,0,0,1,0
288,20.0,0.0,0.0,0.0,0.0,,0,1,0,0,1,0,0,1,1,0
290,21.0,0.0,5.0,3.0,0.0,,1,0,0,1,0,0,0,1,1,0
292,13.0,0.0,0.0,0.0,0.0,0.0,1,0,0,0,1,0,1,0,1,0
299,25.0,0.0,0.0,251.0,0.0,552.0,1,0,0,1,0,0,0,1,1,0
303,2.0,0.0,0.0,0.0,0.0,0.0,0,0,1,0,1,1,0,0,1,0
305,0.0,0.0,0.0,0.0,0.0,0.0,0,0,1,1,0,1,0,0,1,0
310,30.0,0.0,0.0,0.0,0.0,0.0,0,0,1,0,1,0,0,1,1,0
316,23.0,2001.0,0.0,2975.0,0.0,0.0,0,0,1,1,0,0,0,1,1,0
319,41.0,,1198.0,0.0,124.0,572.0,1,0,0,1,0,0,0,1,1,0
322,26.0,148.0,0.0,453.0,0.0,88.0,1,0,0,1,0,0,1,0,1,0
323,15.0,358.0,212.0,33.0,0.0,112.0,1,0,0,1,0,0,0,1,1,0
326,26.0,2832.0,107.0,4447.0,15.0,4.0,0,0,1,1,0,0,0,1,1,0
334,22.0,116.0,0.0,786.0,6.0,0.0,1,0,0,1,0,0,0,1,1,0
342,32.0,0.0,0.0,0.0,0.0,0.0,0,1,0,0,1,0,0,1,1,0
345,18.0,0.0,0.0,0.0,0.0,0.0,0,1,0,0,1,1,0,0,1,0
347,23.0,348.0,0.0,0.0,4.0,368.0,0,0,0,1,0,0,0,0,1,0
349,34.0,0.0,0.0,0.0,0.0,0.0,1,0,0,0,1,0,1,0,1,0
351,14.0,3.0,0.0,881.0,25.0,0.0,1,0,0,1,0,0,0,1,1,0
352,23.0,13.0,747.0,0.0,0.0,128.0,1,0,0,1,0,0,0,1,1,0
354,14.0,0.0,0.0,0.0,0.0,0.0,1,0,0,0,1,0,0,1,1,0
360,18.0,0.0,0.0,0.0,0.0,0.0,1,0,0,0,1,0,0,1,1,0
370,39.0,0.0,0.0,0.0,0.0,0.0,1,0,0,0,1,0,0,1,1,0
371,35.0,1134.0,113.0,52.0,0.0,0.0,0,0,1,1,0,0,0,1,1,0
374,16.0,691.0,0.0,101.0,140.0,0.0,1,0,0,1,0,0,0,1,1,0
378,68.0,0.0,0.0,0.0,0.0,0.0,0,1,0,0,1,1,0,0,1,0
383,3.0,0.0,0.0,0.0,0.0,0.0,0,0,1,0,1,0,0,1,1,0
384,31.0,0.0,0.0,0.0,0.0,0.0,0,0,1,0,1,0,0,1,1,0
392,27.0,0.0,0.0,0.0,0.0,0.0,0,1,0,0,0,1,0,0,1,0
394,45.0,0.0,0.0,0.0,0.0,0.0,0,0,1,0,1,0,0,1,1,0
398,39.0,382.0,0.0,22.0,467.0,0.0,1,0,0,1,0,0,0,1,1,0
400,40.0,,0.0,0.0,0.0,0.0,0,1,0,0,1,0,0,1,1,0
401,34.0,,5637.0,45.0,1936.0,56.0,0,1,0,1,0,1,0,0,1,0
406,25.0,1352.0,0.0,0.0,24.0,799.0,1,0,0,1,0,0,0,1,1,0
407,26.0,0.0,0.0,0.0,77.0,715.0,0,0,0,1,0,0,0,1,1,0
412,11.0,0.0,0.0,0.0,0.0,0.0,1,0,0,0,1,0,0,1,1,0
414,19.0,0.0,0.0,0.0,0.0,0.0,0,1,0,0,1,0,0,1,1,0
417,28.0,5.0,4288.0,0.0,745.0,5.0,0,1,0,0,0,1,0,0,0,1
419,43.0,0.0,0.0,0.0,0.0,0.0,0,1,0,0,1,0,0,1,1,0
420,55.0,210.0,185.0,188.0,59.0,73.0,1,0,0,1,0,0,0,1,1,0
424,28.0,0.0,0.0,0.0,0.0,0.0,0,1,0,0,1,1,0,0,1,0
429,1.0,0.0,0.0,0.0,0.0,0.0,1,0,0,1,0,1,0,0,1,0
431,34.0,865.0,0.0,257.0,,35.0,0,0,1,1,0,0,0,1,1,0
434,,0.0,654.0,22.0,146.0,4.0,1,0,0,1,0,0,0,1,1,0
437,25.0,0.0,0.0,0.0,0.0,,0,0,1,0,1,1,0,0,1,0
442,15.0,0.0,0.0,0.0,0.0,0.0,1,0,0,0,1,1,0,0,1,0
443,36.0,0.0,0.0,38.0,9.0,943.0,1,0,0,1,0,0,0,1,1,0
444,27.0,,6.0,145.0,144.0,0.0,0,0,1,1,0,0,1,0,1,0
445,27.0,0.0,0.0,0.0,0.0,0.0,0,0,1,0,1,0,0,1,1,0
454,28.0,0.0,0.0,,0.0,0.0,1,0,0,0,1,0,1,0,1,0
456,27.0,0.0,,0.0,0.0,0.0,0,1,0,0,1,1,0,0,1,0
461,42.0,0.0,929.0,967.0,,481.0,0,1,0,1,0,0,0,1,1,0
465,42.0,1246.0,35.0,16.0,0.0,0.0,0,0,1,1,0,0,0,1,1,0
478,50.0,0.0,0.0,0.0,0.0,0.0,0,1,0,0,1,0,0,1,1,0
481,35.0,0.0,0.0,0.0,0.0,0.0,0,0,0,0,1,0,0,1,1,0
484,23.0,39.0,263.0,0.0,0.0,,1,0,0,1,0,0,0,1,1,0
489,34.0,0.0,0.0,0.0,0.0,0.0,0,0,1,0,1,0,0,1,1,0
498,28.0,0.0,1073.0,0.0,0.0,5.0,1,0,0,1,0,0,0,1,1,0
505,17.0,1471.0,0.0,0.0,45.0,16.0,0,0,0,1,0,0,0,1,1,0
513,23.0,13.0,12.0,0.0,762.0,0.0,1,0,0,1,0,0,0,1,1,0
516,40.0,0.0,0.0,0.0,0.0,0.0,0,1,0,0,1,0,0,1,1,0
520,19.0,0.0,1428.0,0.0,1.0,19.0,1,0,0,1,0,0,0,1,1,0
521,21.0,0.0,12.0,580.0,0.0,79.0,1,0,0,1,0,0,1,0,1,0
522,4.0,0.0,0.0,0.0,0.0,0.0,1,0,0,1,0,0,0,1,1,0
524,44.0,1440.0,293.0,74.0,32.0,0.0,0,0,0,1,0,0,0,1,1,0
531,13.0,0.0,0.0,0.0,0.0,0.0,0,0,1,0,1,0,0,1,1,0
532,14.0,0.0,0.0,0.0,0.0,0.0,1,0,0,0,1,0,0,1,1,0
536,36.0,530.0,5085.0,1.0,146.0,872.0,0,1,0,1,0,0,0,1,0,1
539,42.0,0.0,0.0,0.0,0.0,0.0,0,1,0,0,1,0,0,1,1,0
542,55.0,0.0,1542.0,0.0,1814.0,1568.0,0,1,0,1,0,0,0,1,1,0
550,50.0,,233.0,0.0,0.0,0.0,1,0,0,1,0,0,0,1,1,0
554,3.0,0.0,0.0,0.0,0.0,0.0,0,0,1,0,1,0,0,1,1,0
555,0.0,0.0,0.0,0.0,0.0,0.0,0,0,1,0,1,0,0,1,1,0
556,33.0,0.0,0.0,0.0,0.0,0.0,0,0,1,0,1,0,0,1,1,0
568,24.0,,4.0,0.0,670.0,113.0,0,0,0,1,0,0,0,1,1,0
576,9.0,0.0,0.0,0.0,0.0,0.0,0,0,1,0,1,0,0,1,1,0
578,24.0,0.0,0.0,0.0,0.0,0.0,0,0,1,0,1,0,0,1,1,0
582,37.0,27.0,654.0,10.0,881.0,9568.0,0,1,0,1,0,0,0,1,0,0
586,33.0,149.0,0.0,,0.0,109.0,0,0,1,1,0,0,0,1,1,0
599,44.0,103.0,0.0,18.0,1197.0,1.0,1,0,0,1,0,0,0,1,1,0
602,55.0,0.0,0.0,0.0,0.0,0.0,0,0,1,0,1,0,0,1,1,0
610,20.0,0.0,0.0,0.0,0.0,0.0,0,1,0,0,1,1,0,0,1,0
612,36.0,2.0,0.0,0.0,1958.0,19.0,1,0,0,1,0,0,0,1,1,0
613,29.0,0.0,3344.0,0.0,118.0,972.0,0,1,0,1,0,1,0,0,1,0
616,30.0,0.0,0.0,0.0,0.0,0.0,0,1,0,0,1,1,0,0,1,0
622,7.0,0.0,0.0,0.0,0.0,0.0,0,0,1,0,1,0,0,1,1,0
624,33.0,105.0,0.0,1087.0,0.0,0.0,0,0,1,1,0,0,0,1,1,0
627,37.0,237.0,2.0,708.0,0.0,0.0,0,0,1,1,0,0,0,1,1,0
628,32.0,0.0,0.0,0.0,768.0,3.0,1,0,0,1,0,0,0,1,1,0
632,18.0,0.0,0.0,0.0,0.0,0.0,1,0,0,0,1,0,0,1,1,0
633,15.0,0.0,0.0,0.0,0.0,0.0,1,0,0,0,1,0,0,1,1,0
634,44.0,0.0,2506.0,0.0,1360.0,722.0,0,1,0,1,0,0,0,1,1,0
638,15.0,1264.0,0.0,2.0,23.0,0.0,0,0,1,1,0,0,0,1,1,0
645,37.0,0.0,0.0,0.0,0.0,0.0,1,0,0,0,1,0,0,1,1,0
647,45.0,0.0,0.0,0.0,0.0,0.0,1,0,0,0,1,0,1,0,1,0
652,,0.0,0.0,0.0,0.0,0.0,0,0,1,1,0,0,0,1,1,0
654,20.0,0.0,0.0,0.0,0.0,0.0,0,0,1,0,1,0,0,1,1,0
655,41.0,1.0,922.0,4.0,55.0,15.0,1,0,0,1,0,0,0,1,1,0
660,36.0,0.0,0.0,0.0,0.0,0.0,0,1,0,0,1,0,0,1,1,0
666,34.0,0.0,3488.0,0.0,4343.0,38.0,0,1,0,1,0,0,0,1,1,0
670,24.0,2698.0,0.0,301.0,8.0,5.0,0,0,1,1,0,1,0,0,1,0
683,26.0,1577.0,2.0,0.0,30.0,0.0,1,0,0,1,0,0,0,1,1,0
684,38.0,0.0,0.0,0.0,0.0,0.0,1,0,0,0,1,0,1,0,1,0
699,19.0,0.0,714.0,2.0,0.0,0.0,1,0,0,1,0,0,0,1,1,0
700,23.0,0.0,38.0,88.0,4.0,561.0,1,0,0,1,0,1,0,0,1,0
708,14.0,0.0,0.0,0.0,0.0,0.0,1,0,0,0,1,0,0,1,1,0
718,67.0,1.0,0.0,5.0,1022.0,151.0,0,0,1,1,0,1,0,0,1,0
722,35.0,1248.0,0.0,55.0,12.0,0.0,0,0,1,1,0,0,1,0,1,0
723,23.0,755.0,0.0,121.0,,0.0,0,0,1,1,0,0,0,1,1,0
727,54.0,0.0,0.0,0.0,0.0,0.0,0,1,0,0,1,1,0,0,1,0
728,0.0,0.0,0.0,0.0,0.0,0.0,1,0,0,0,1,0,0,1,1,0
729,,0.0,715.0,0.0,170.0,0.0,1,0,0,1,0,0,0,1,1,0
742,21.0,562.0,2.0,0.0,0.0,11.0,1,0,0,1,0,0,0,0,1,0
744,59.0,0.0,0.0,0.0,0.0,0.0,0,0,1,0,1,0,0,1,1,0
745,28.0,0.0,0.0,0.0,0.0,0.0,0,1,0,0,1,1,0,0,1,0
747,19.0,0.0,0.0,0.0,0.0,0.0,1,0,0,0,1,0,0,1,1,0
755,39.0,0.0,0.0,0.0,7.0,766.0,1,0,0,1,0,0,1,0,1,0
758,34.0,0.0,0.0,0.0,874.0,0.0,1,0,0,1,0,0,0,1,1,0
760,29.0,0.0,0.0,0.0,0.0,645.0,1,0,0,1,0,0,0,1,1,0
763,1.0,0.0,0.0,0.0,0.0,0.0,0,0,1,0,1,0,0,1,1,0
765,31.0,183.0,0.0,32.0,0.0,1171.0,1,0,0,1,0,0,0,1,1,0
767,31.0,159.0,110.0,701.0,0.0,10.0,1,0,0,1,0,0,0,1,1,0
780,23.0,0.0,0.0,0.0,0.0,0.0,1,0,0,0,1,0,1,0,0,0
787,13.0,0.0,0.0,0.0,0.0,0.0,1,0,0,0,1,0,0,1,1,0
795,14.0,77.0,0.0,9.0,424.0,166.0,1,0,0,1,0,1,0,0,1,0
800,13.0,0.0,0.0,0.0,0.0,0.0,1,0,0,0,1,0,0,1,1,0
803,27.0,0.0,0.0,0.0,0.0,0.0,0,1,0,1,0,0,0,1,1,0
804,32.0,0.0,0.0,0.0,0.0,0.0,0,1,0,0,1,1,0,0,1,0
805,54.0,0.0,0.0,0.0,0.0,0.0,0,0,1,0,1,0,0,1,1,0
809,24.0,34.0,7.0,320.0,0.0,427.0,1,0,0,1,0,0,0,1,1,0
814,22.0,0.0,0.0,0.0,0.0,0.0,0,1,0,0,1,1,0,0,1,0
831,48.0,0.0,0.0,0.0,0.0,0.0,0,1,0,1,0,0,0,1,1,0
834,32.0,0.0,0.0,0.0,0.0,0.0,1,0,0,0,1,1,0,0,1,0
840,23.0,0.0,0.0,0.0,,0.0,1,0,0,0,1,1,0,0,0,0
849,31.0,0.0,7461.0,0.0,369.0,450.0,0,1,0,1,0,0,0,1,1,0
851,20.0,157.0,0.0,0.0,544.0,3.0,1,0,0,1,0,0,0,1,1,0
862,41.0,0.0,,0.0,0.0,0.0,0,0,1,0,1,0,0,1,1,0
864,30.0,0.0,760.0,234.0,2761.0,81.0,0,1,0,1,0,0,0,1,1,0
871,30.0,14.0,12045.0,0.0,2121.0,0.0,0,1,0,1,0,0,0,1,1,0
880,18.0,594.0,0.0,555.0,0.0,0.0,0,0,1,1,0,0,0,1,1,0
883,19.0,72.0,5.0,0.0,342.0,188.0,1,0,0,1,0,0,0,1,1,0
884,26.0,0.0,474.0,0.0,0.0,201.0,1,0,0,1,0,1,0,0,1,0
887,45.0,877.0,0.0,1383.0,0.0,0.0,0,0,1,1,0,0,0,1,1,0
888,48.0,0.0,306.0,3.0,,359.0,1,0,0,1,0,0,1,0,1,0
893,14.0,0.0,885.0,8.0,0.0,0.0,1,0,0,1,0,1,0,0,1,0
896,19.0,631.0,0.0,834.0,304.0,0.0,0,0,1,1,0,0,0,1,1,0
899,44.0,0.0,0.0,0.0,0.0,0.0,0,0,1,0,1,0,0,1,1,0
914,20.0,0.0,11.0,0.0,136.0,1088.0,1,0,0,1,0,1,0,0,1,0
916,,0.0,0.0,0.0,0.0,0.0,1,0,0,0,1,0,1,0,1,0
917,71.0,0.0,0.0,0.0,0.0,0.0,1,0,0,0,1,0,0,1,1,0
918,18.0,6.0,0.0,,12.0,704.0,1,0,0,1,0,1,0,0,1,0
919,16.0,3.0,0.0,35.0,150.0,478.0,1,0,0,1,0,0,0,1,1,0
921,36.0,1.0,784.0,0.0,55.0,149.0,1,0,0,1,0,0,0,1,1,0
926,29.0,387.0,942.0,0.0,9927.0,1341.0,0,1,0,1,0,0,0,1,1,0
927,46.0,1192.0,1736.0,17.0,21.0,0.0,0,1,0,1,0,1,0,0,1,0
929,17.0,0.0,0.0,0.0,0.0,0.0,0,1,0,0,1,1,0,0,1,0
930,37.0,4301.0,791.0,0.0,1748.0,91.0,0,1,0,1,0,1,0,0,1,0
933,26.0,621.0,1.0,98.0,11.0,135.0,1,0,0,1,0,0,0,1,1,0
939,3.0,0.0,0.0,0.0,0.0,0.0,0,0,1,1,0,1,0,0,1,0
950,58.0,0.0,0.0,0.0,0.0,0.0,1,0,0,0,1,0,0,1,1,0
955,20.0,0.0,15.0,122.0,1125.0,0.0,1,0,0,1,0,0,0,1,1,0
960,18.0,187.0,12.0,0.0,1277.0,0.0,1,0,0,1,0,1,0,0,1,0
963,0.0,0.0,0.0,0.0,0.0,0.0,1,0,0,1,0,1,0,0,1,0
970,30.0,0.0,0.0,0.0,0.0,0.0,0,0,1,0,1,0,0,1,1,0
971,23.0,1081.0,0.0,0.0,0.0,7.0,1,0,0,1,0,0,0,1,1,0
981,49.0,0.0,0.0,1526.0,960.0,0.0,1,0,0,1,0,0,0,1,1,0
984,16.0,507.0,0.0,0.0,0.0,,1,0,0,1,0,0,0,1,1,0
990,22.0,,0.0,21.0,0.0,0.0,1,0,0,1,0,1,0,0,1,0
993,38.0,0.0,0.0,0.0,0.0,0.0,0,0,0,0,1,0,0,1,1,0
996,19.0,0.0,0.0,27.0,53.0,677.0,1,0,0,1,0,0,0,1,1,0
997,57.0,,20.0,157.0,21.0,689.0,1,0,0,1,0,0,0,1,1,0
999,38.0,0.0,3262.0,0.0,295.0,1374.0,0,0,0,1,0,0,0,1,1,0
1000,15.0,0.0,,0.0,0.0,0.0,0,1,0,0,1,0,0,1,1,0
1005,14.0,0.0,0.0,0.0,0.0,0.0,0,1,0,0,1,0,0,1,1,0
1010,41.0,638.0,0.0,133.0,0.0,,1,0,0,1,0,1,0,0,1,0
1013,27.0,0.0,0.0,0.0,0.0,0.0,0,0,1,0,1,0,0,1,1,0
1015,18.0,556.0,0.0,0.0,852.0,6.0,0,0,1,1,0,0,0,1,1,0
1016,31.0,0.0,1.0,0.0,16.0,843.0,1,0,0,1,0,0,0,1,1,0
1024,33.0,0.0,0.0,0.0,0.0,0.0,0,0,0,0,1,1,0,0,1,0
1026,35.0,0.0,0.0,0.0,0.0,0.0,0,0,1,0,1,0,0,1,1,0
1027,23.0,1862.0,59.0,18.0,192.0,0.0,0,0,1,1,0,0,0,1,1,0
1041,23.0,0.0,24.0,0.0,55.0,7516.0,0,1,0,1,0,0,0,1,1,0
1044,20.0,0.0,0.0,0.0,0.0,719.0,1,0,0,1,0,0,0,1,1,0
1049,36.0,0.0,3011.0,0.0,0.0,98.0,1,0,0,0,0,0,0,1,1,0
1051,18.0,855.0,0.0,51.0,0.0,0.0,1,0,0,1,0,0,0,1,1,0
1056,23.0,,0.0,0.0,0.0,0.0,0,0,1,0,1,0,0,1,1,0
1059,27.0,0.0,0.0,0.0,0.0,0.0,0,0,1,1,0,0,0,1,1,0
1060,13.0,0.0,0.0,0.0,0.0,0.0,0,1,0,0,1,1,0,0,1,0
1073,,0.0,122.0,2138.0,7368.0,1213.0,0,1,0,1,0,1,0,0,1,0
1080,7.0,0.0,0.0,0.0,0.0,0.0,1,0,0,1,0,0,0,1,1,0
1082,0.0,0.0,0.0,0.0,0.0,0.0,1,0,0,1,0,0,0,1,1,0
1085,41.0,29.0,0.0,1095.0,0.0,4.0,0,0,1,1,0,0,0,1,1,0
1100,29.0,0.0,0.0,0.0,0.0,0.0,0,1,0,0,1,0,0,1,1,0
1103,28.0,0.0,0.0,,0.0,0.0,0,0,1,0,1,0,0,1,1,0
1110,59.0,0.0,0.0,0.0,0.0,0.0,0,1,0,0,1,0,0,1,1,0
1117,30.0,,0.0,0.0,679.0,0.0,0,0,1,1,0,0,0,1,1,0
1118,0.0,0.0,0.0,0.0,0.0,0.0,1,0,0,1,0,0,0,1,1,0
1123,30.0,0.0,575.0,180.0,4.0,44.0,1,0,0,1,0,0,0,1,1,0
1130,16.0,0.0,0.0,0.0,0.0,0.0,0,1,0,0,1,0,0,1,1,0
1133,32.0,0.0,122.0,3700.0,337.0,1388.0,0,1,0,1,0,1,0,0,0,1
1134,28.0,42.0,1116.0,0.0,0.0,0.0,0,0,1,1,0,0,0,1,0,0
1137,20.0,71.0,8.0,513.0,354.0,0.0,1,0,0,1,0,0,0,1,1,0
1152,20.0,65.0,905.0,0.0,0.0,0.0,1,0,0,1,0,0,0,1,1,0
1153,14.0,0.0,0.0,0.0,2143.0,7.0,1,0,0,1,0,0,0,1,1,0
1155,4.0,0.0,0.0,0.0,0.0,0.0,1,0,0,1,0,0,0,1,1,0
1156,20.0,0.0,0.0,0.0,1608.0,1.0,1,0,0,1,0,0,0,1,1,0
1158,24.0,0.0,0.0,0.0,0.0,0.0,0,1,0,0,1,1,0,0,1,0
1160,21.0,0.0,0.0,0.0,0.0,0.0,0,0,1,0,1,0,0,1,1,0
1162,27.0,0.0,0.0,863.0,33.0,2.0,1,0,0,1,0,0,0,1,1,0
1165,36.0,0.0,0.0,0.0,0.0,0.0,0,1,0,0,1,0,0,1,1,0
1168,23.0,0.0,0.0,1250.0,0.0,0.0,1,0,0,1,0,0,1,0,1,0
1169,32.0,27.0,393.0,1061.0,27.0,0.0,1,0,0,1,0,0,0,1,1,0
1171,26.0,0.0,1026.0,3301.0,831.0,356.0,0,1,0,1,0,0,0,1,1,0
1174,40.0,889.0,185.0,0.0,0.0,28.0,1,0,0,1,0,0,0,1,1,0
1175,37.0,0.0,4677.0,0.0,115.0,223.0,0,1,0,1,0,1,0,0,1,0
1177,32.0,8168.0,69.0,11.0,371.0,0.0,0,1,0,1,0,0,0,1,1,0
1178,30.0,0.0,192.0,0.0,565.0,0.0,1,0,0,1,0,0,0,1,1,0
1185,27.0,1277.0,0.0,1.0,10.0,9.0,0,0,1,1,0,0,0,1,1,0
1194,21.0,0.0,0.0,0.0,0.0,0.0,1,0,0,0,1,0,1,0,1,0
1198,31.0,0.0,0.0,0.0,0.0,0.0,0,1,0,0,1,1,0,0,1,0
1206,1.0,0.0,0.0,0.0,0.0,0.0,0,0,1,0,1,0,0,1,1,0
1209,24.0,621.0,0.0,0.0,0.0,0.0,1,0,0,1,0,0,0,1,1,0
1211,18.0,789.0,0.0,2.0,0.0,19.0,1,0,0,1,0,0,0,1,1,0
1212,33.0,1758.0,59.0,4.0,0.0,0.0,0,0,1,1,0,0,0,1,1,0
1218,28.0,,0.0,,0.0,0.0,0,1,0,1,0,0,0,1,0,1
1219,19.0,68.0,0.0,0.0,719.0,0.0,1,0,0,0,0,0,0,1,1,0
1220,22.0,0.0,0.0,675.0,5.0,0.0,1,0,0,1,0,0,0,1,1,0
1221,27.0,1.0,299.0,1.0,380.0,13.0,1,0,0,1,0,1,0,0,1,0
1223,2.0,0.0,0.0,0.0,0.0,0.0,1,0,0,0,1,1,0,0,1,0
1228,2.0,0.0,0.0,0.0,0.0,0.0,1,0,0,1,0,0,1,0,1,0
1231,22.0,0.0,0.0,0.0,0.0,0.0,1,0,0,0,1,0,0,1,1,0
1234,37.0,0.0,439.0,0.0,3198.0,6.0,0,1,0,1,0,1,0,0,1,0
1247,2.0,0.0,0.0,0.0,0.0,0.0,1,0,0,0,1,1,0,0,1,0
1250,0.0,0.0,0.0,0.0,0.0,0.0,1,0,0,0,1,0,0,1,1,0
1252,42.0,0.0,0.0,0.0,0.0,0.0,1,0,0,0,1,0,0,1,1,0
1254,19.0,1507.0,0.0,260.0,0.0,0.0,0,0,1,1,0,0,0,1,1,0
1255,26.0,0.0,0.0,0.0,0.0,0.0,1,0,0,0,1,0,0,1,1,0
1259,29.0,28.0,0.0,561.0,203.0,0.0,1,0,0,1,0,0,0,1,1,0
1261,44.0,0.0,0.0,0.0,0.0,0.0,1,0,0,0,1,0,0,1,1,0
1263,35.0,775.0,14.0,0.0,610.0,4.0,1,0,0,0,0,1,0,0,1,0
1264,23.0,0.0,0.0,0.0,0.0,0.0,1,0,0,0,1,0,0,1,1,0
1288,27.0,0.0,0.0,0.0,0.0,0.0,1,0,0,0,1,0,0,1,1,0
1289,21.0,965.0,0.0,23.0,3.0,0.0,1,0,0,1,0,0,0,1,1,0
1299,20.0,0.0,0.0,0.0,0.0,0.0,1,0,0,0,1,0,1,0,1,0
1301,53.0,0.0,0.0,0.0,0.0,0.0,0,1,0,0,1,0,0,1,1,0
1309,31.0,1088.0,0.0,280.0,0.0,0.0,0,0,1,1,0,0,0,1,1,0
1314,44.0,485.0,2.0,210.0,0.0,351.0,0,0,1,1,0,0,0,0,1,0
1318,39.0,386.0,190.0,0.0,489.0,0.0,1,0,0,1,0,0,0,1,1,0
1330,17.0,8.0,222.0,3.0,401.0,0.0,1,0,0,1,0,0,1,0,1,0
1332,23.0,0.0,567.0,896.0,0.0,122.0,1,0,0,1,0,0,0,1,1,0
1333,15.0,0.0,0.0,,0.0,832.0,1,0,0,1,0,1,0,0,1,0
1334,18.0,0.0,0.0,0.0,0.0,0.0,1,0,0,0,1,0,1,0,1,0
1340,,0.0,0.0,0.0,0.0,0.0,0,0,1,0,1,0,0,1,1,0
1341,37.0,328.0,6153.0,,26.0,820.0,0,0,1,1,0,0,0,1,1,0
1344,39.0,0.0,0.0,0.0,0.0,0.0,0,1,0,0,1,0,0,1,1,0
1348,8.0,0.0,0.0,0.0,0.0,0.0,0,1,0,1,0,0,0,1,1,0
1350,35.0,0.0,0.0,0.0,0.0,0.0,0,1,0,0,1,0,0,1,1,0
1358,14.0,360.0,0.0,2116.0,1.0,8.0,1,0,0,1,0,0,0,1,1,0
1366,41.0,112.0,186.0,228.0,760.0,0.0,0,0,1,1,0,0,0,1,1,0
1367,30.0,806.0,100.0,9.0,,47.0,0,0,1,1,0,0,0,1,1,0
1368,27.0,0.0,1826.0,39.0,11.0,649.0,1,0,0,1,0,0,0,1,1,0
1397,23.0,200.0,414.0,73.0,1.0,1.0,1,0,0,1,0,0,1,0,1,0
1400,32.0,0.0,0.0,0.0,,0.0,0,0,1,0,1,0,0,1,1,0
1407,42.0,0.0,0.0,0.0,0.0,,0,0,1,0,1,0,0,1,1,0
1425,61.0,1114.0,0.0,68.0,0.0,0.0,0,0,1,1,0,0,0,1,1,0
1427,43.0,0.0,0.0,1217.0,2.0,0.0,1,0,0,1,0,0,0,1,1,0
1428,14.0,1.0,1.0,683.0,419.0,0.0,1,0,0,1,0,0,0,1,1,0
1447,18.0,3992.0,673.0,1360.0,2.0,0.0,0,0,1,1,0,1,0,0,1,0
1448,25.0,0.0,7069.0,0.0,45.0,282.0,0,1,0,1,0,0,1,0,0,1
1455,32.0,1.0,470.0,0.0,1440.0,2114.0,0,1,0,1,0,0,0,1,1,0
1460,34.0,0.0,0.0,0.0,0.0,0.0,0,1,0,0,1,1,0,0,1,0
1464,51.0,0.0,0.0,0.0,0.0,0.0,0,1,0,0,1,1,0,0,0,0
1468,30.0,0.0,1376.0,43.0,0.0,1460.0,0,1,0,1,0,0,0,1,1,0
1469,37.0,0.0,0.0,0.0,0.0,0.0,1,0,0,0,1,0,0,1,1,0
1470,45.0,0.0,1389.0,0.0,2987.0,0.0,0,1,0,1,0,0,0,1,1,0
1477,37.0,0.0,0.0,0.0,0.0,0.0,0,1,0,0,1,0,0,1,1,0
1482,25.0,4.0,0.0,146.0,723.0,0.0,1,0,0,1,0,0,0,1,1,0
1483,55.0,938.0,0.0,82.0,0.0,162.0,0,0,1,1,0,0,0,1,1,0
1498,33.0,0.0,26.0,1.0,33.0,2439.0,0,1,0,1,0,1,0,0,1,0
1502,,0.0,3.0,0.0,2.0,923.0,1,0,0,1,0,0,0,1,1,0
1512,7.0,0.0,0.0,0.0,0.0,0.0,1,0,0,1,0,1,0,0,1,0
1513,24.0,2.0,3.0,0.0,616.0,161.0,1,0,0,1,0,0,0,1,1,0
1525,39.0,0.0,0.0,0.0,0.0,0.0,1,0,0,0,1,0,0,1,1,0
1526,25.0,553.0,0.0,1.0,239.0,8.0,1,0,0,1,0,1,0,0,1,0
1543,25.0,0.0,0.0,0.0,0.0,0.0,1,0,0,0,1,1,0,0,1,0
1548,21.0,305.0,0.0,1.0,618.0,2.0,1,0,0,1,0,0,0,1,1,0
1551,34.0,0.0,0.0,885.0,0.0,0.0,1,0,0,1,0,0,0,1,1,0
1552,33.0,954.0,0.0,10.0,3.0,2.0,1,0,0,1,0,0,0,1,1,0
1562,21.0,0.0,0.0,218.0,109.0,5321.0,1,0,0,1,0,0,0,1,1,0
1565,20.0,0.0,1.0,0.0,905.0,0.0,1,0,0,0,0,0,0,1,1,0
1566,56.0,0.0,0.0,0.0,0.0,0.0,0,1,0,1,0,0,0,1,1,0
1573,22.0,2.0,0.0,6.0,101.0,536.0,1,0,0,1,0,0,0,1,1,0
1575,0.0,0.0,0.0,0.0,0.0,0.0,0,0,1,0,1,0,0,1,1,0
1580,29.0,7.0,0.0,0.0,797.0,0.0,1,0,0,1,0,0,0,1,1,0
1582,20.0,0.0,0.0,0.0,0.0,0.0,1,0,0,0,1,0,1,0,1,0
1602,17.0,0.0,0.0,0.0,0.0,0.0,0,1,0,0,1,0,0,1,1,0
1609,23.0,2210.0,0.0,89.0,0.0,0.0,0,0,1,1,0,0,0,1,1,0
1620,5.0,0.0,0.0,0.0,0.0,0.0,1,0,0,1,0,0,0,1,1,0
1628,59.0,8.0,1563.0,0.0,73.0,31.0,0,1,0,1,0,1,0,0,1,0
1634,17.0,68.0,0.0,0.0,0.0,795.0,1,0,0,1,0,1,0,0,1,0
1636,20.0,1.0,808.0,0.0,0.0,0.0,1,0,0,1,0,1,0,0,1,0
1648,21.0,0.0,0.0,0.0,2.0,807.0,1,0,0,1,0,0,0,1,1,0
1650,4.0,0.0,0.0,0.0,0.0,0.0,1,0,0,1,0,0,0,1,1,0
1651,59.0,0.0,0.0,0.0,0.0,0.0,1,0,0,0,1,0,1,0,1,0
1656,55.0,587.0,0.0,0.0,318.0,3.0,1,0,0,1,0,0,0,1,1,0
1663,18.0,0.0,0.0,0.0,0.0,0.0,0,0,1,1,0,0,0,1,1,0
1676,21.0,0.0,0.0,809.0,0.0,0.0,1,0,0,1,0,0,0,1,1,0
1677,15.0,0.0,0.0,0.0,0.0,0.0,1,0,0,0,1,0,1,0,1,0
1684,31.0,0.0,0.0,0.0,,0.0,0,0,1,0,1,1,0,0,1,0
1690,19.0,5.0,639.0,0.0,84.0,180.0,1,0,0,1,0,0,0,1,0,0
1694,0.0,0.0,0.0,0.0,0.0,0.0,1,0,0,1,0,0,0,1,1,0
1699,24.0,0.0,0.0,0.0,0.0,0.0,1,0,0,0,1,0,0,1,1,0
1714,67.0,143.0,68.0,496.0,182.0,9.0,0,0,0,1,0,0,0,1,1,0
1722,23.0,0.0,0.0,0.0,0.0,0.0,0,1,0,0,1,1,0,0,1,0
1728,55.0,1104.0,0.0,0.0,0.0,0.0,1,0,0,1,0,0,0,1,1,0
1737,54.0,0.0,316.0,257.0,0.0,0.0,1,0,0,1,0,0,1,0,1,0
1741,0.0,0.0,0.0,0.0,0.0,0.0,1,0,0,0,1,0,0,1,1,0
1742,39.0,0.0,43.0,864.0,0.0,85.0,1,0,0,1,0,0,0,1,1,0
1743,22.0,8.0,710.0,0.0,27.0,0.0,1,0,0,1,0,0,0,1,1,0
1749,61.0,953.0,415.0,974.0,0.0,133.0,0,0,1,1,0,0,0,1,1,0
1750,58.0,14.0,0.0,1081.0,0.0,0.0,1,0,0,1,0,1,0,0,1,0
1758,29.0,0.0,0.0,0.0,0.0,865.0,1,0,0,1,0,0,0,1,1,0
1760,31.0,0.0,1983.0,0.0,172.0,52.0,0,1,0,1,0,0,0,1,0,0
1775,30.0,116.0,0.0,0.0,728.0,29.0,1,0,0,1,0,0,0,1,1,0
1777,5.0,0.0,0.0,0.0,0.0,0.0,1,0,0,0,1,0,0,1,1,0
1779,52.0,0.0,0.0,0.0,0.0,0.0,0,0,1,0,1,0,0,1,1,0
1786,25.0,11.0,44.0,397.0,0.0,0.0,1,0,0,1,0,0,1,0,1,0
1788,36.0,0.0,0.0,0.0,0.0,0.0,0,1,0,0,1,1,0,0,1,0
1789,19.0,42.0,0.0,345.0,1431.0,0.0,1,0,0,1,0,0,0,1,1,0
1798,22.0,1744.0,79.0,0.0,12.0,1514.0,0,1,0,1,0,1,0,0,1,0
1806,50.0,0.0,0.0,0.0,0.0,0.0,1,0,0,0,1,0,0,1,1,0
1815,57.0,975.0,0.0,295.0,39.0,0.0,0,0,1,1,0,0,0,1,0,1
1823,51.0,0.0,0.0,0.0,101.0,1357.0,1,0,0,1,0,0,0,1,1,0
1828,25.0,0.0,0.0,0.0,0.0,0.0,1,0,0,0,1,0,0,1,1,0
1829,15.0,0.0,0.0,0.0,0.0,0.0,0,1,0,0,1,0,0,1,1,0
1837,0.0,,0.0,0.0,0.0,0.0,1,0,0,0,1,0,0,1,1,0
1838,43.0,0.0,0.0,0.0,1200.0,17.0,1,0,0,1,0,0,0,1,1,0
1843,54.0,3.0,0.0,56.0,633.0,0.0,1,0,0,1,0,0,1,0,1,0
1844,39.0,0.0,0.0,0.0,0.0,0.0,0,1,0,0,1,1,0,0,1,0
1853,25.0,0.0,0.0,0.0,0.0,0.0,0,1,0,0,1,0,0,1,1,0
1860,27.0,196.0,602.0,0.0,0.0,198.0,1,0,0,1,0,0,0,1,1,0
1863,19.0,0.0,0.0,0.0,0.0,0.0,0,0,1,0,1,1,0,0,1,0
1878,4.0,0.0,0.0,0.0,0.0,0.0,1,0,0,1,0,0,0,1,1,0
1886,30.0,1250.0,865.0,0.0,3725.0,5416.0,0,1,0,1,0,1,0,0,0,1
1888,19.0,1139.0,18.0,0.0,0.0,671.0,1,0,0,1,0,0,0,1,1,0
1889,22.0,0.0,5183.0,0.0,1080.0,2.0,0,1,0,1,0,1,0,0,1,0
1895,15.0,0.0,0.0,0.0,0.0,0.0,1,0,0,0,1,0,1,0,1,0
1901,42.0,399.0,75.0,38.0,771.0,0.0,1,0,0,1,0,0,0,1,1,0
1902,21.0,6.0,133.0,503.0,0.0,2.0,1,0,0,1,0,0,0,1,1,0
1906,50.0,0.0,0.0,0.0,785.0,19.0,1,0,0,1,0,0,0,1,1,0
1913,26.0,281.0,741.0,13.0,0.0,4724.0,0,1,0,1,0,1,0,0,1,0
1914,39.0,0.0,,0.0,1528.0,1119.0,0,1,0,1,0,1,0,0,1,0
1923,68.0,0.0,286.0,0.0,1739.0,13.0,1,0,0,1,0,0,0,1,1,0
1928,17.0,583.0,0.0,753.0,0.0,0.0,0,0,1,0,0,0,0,1,1,0
1930,13.0,12.0,0.0,0.0,0.0,1963.0,1,0,0,1,0,0,0,1,1,0
1931,19.0,0.0,0.0,0.0,0.0,0.0,1,0,0,0,1,0,0,1,1,0
1932,30.0,0.0,0.0,0.0,0.0,0.0,0,1,0,0,1,0,0,1,1,0
1948,65.0,51.0,4451.0,0.0,20.0,397.0,0,1,0,1,0,0,0,1,1,0
1951,38.0,0.0,717.0,0.0,0.0,0.0,1,0,0,1,0,1,0,0,1,0
1959,26.0,1751.0,0.0,0.0,0.0,0.0,0,0,1,1,0,0,0,1,1,0
1960,22.0,2300.0,0.0,22.0,256.0,0.0,0,0,1,1,0,0,0,1,1,0
1963,29.0,216.0,10.0,611.0,594.0,0.0,0,0,1,1,0,0,0,1,1,0
1964,49.0,1624.0,0.0,68.0,,0.0,0,0,1,1,0,0,0,1,1,0
1966,45.0,10.0,1095.0,1474.0,0.0,0.0,0,0,1,1,0,0,0,0,1,0
1968,30.0,63.0,9314.0,249.0,2624.0,4538.0,0,1,0,1,0,0,0,1,1,0
1969,29.0,776.0,0.0,4.0,0.0,23.0,1,0,0,1,0,0,0,1,1,0
1972,20.0,1.0,0.0,0.0,4926.0,1.0,1,0,0,1,0,1,0,0,1,0
1973,33.0,235.0,2.0,1.0,650.0,0.0,1,0,0,1,0,0,0,1,1,0
1975,24.0,600.0,593.0,1404.0,0.0,1.0,0,0,1,1,0,0,0,1,1,0
1984,23.0,0.0,0.0,0.0,0.0,0.0,1,0,0,0,1,0,1,0,1,0
1986,21.0,770.0,0.0,0.0,40.0,0.0,1,0,0,1,0,1,0,0,1,0
1987,18.0,0.0,1.0,0.0,80.0,826.0,1,0,0,1,0,0,0,1,1,0
1993,26.0,0.0,,0.0,91.0,900.0,1,0,0,1,0,0,0,1,1,0
2008,21.0,0.0,1433.0,0.0,1234.0,0.0,1,0,0,1,0,0,0,1,1,0
2009,7.0,0.0,0.0,0.0,0.0,0.0,1,0,0,0,1,0,0,1,1,0
2016,45.0,2138.0,0.0,0.0,659.0,0.0,1,0,0,1,0,0,0,1,1,0
2017,21.0,0.0,0.0,0.0,0.0,,1,0,0,0,1,0,0,1,1,0
2020,21.0,0.0,820.0,0.0,45.0,0.0,1,0,0,1,0,0,0,1,1,0
2021,18.0,0.0,402.0,2027.0,0.0,0.0,1,0,0,1,0,0,0,1,1,0
2024,0.0,0.0,0.0,0.0,0.0,0.0,0,0,1,1,0,0,0,1,1,0
2025,27.0,0.0,0.0,6.0,745.0,22.0,1,0,0,1,0,0,0,1,1,0
2032,23.0,0.0,774.0,0.0,0.0,0.0,1,0,0,1,0,0,1,0,1,0
2033,27.0,0.0,0.0,0.0,0.0,0.0,1,0,0,0,1,0,1,0,1,0
2039,46.0,607.0,0.0,41.0,334.0,251.0,0,0,1,1,0,0,1,0,1,0
2059,25.0,0.0,0.0,0.0,0.0,0.0,0,1,0,0,1,1,0,0,1,0
2064,16.0,0.0,0.0,0.0,0.0,0.0,1,0,0,0,1,0,0,1,1,0
2074,,0.0,86.0,0.0,252.0,570.0,1,0,0,1,0,0,0,1,1,0
2080,31.0,0.0,14.0,671.0,1.0,3.0,1,0,0,1,0,1,0,0,1,0
2083,20.0,0.0,0.0,0.0,0.0,0.0,0,0,1,0,1,1,0,0,1,0
2086,20.0,552.0,8.0,1348.0,5.0,,0,0,1,1,0,1,0,0,1,0
2092,41.0,0.0,0.0,0.0,0.0,0.0,0,1,0,0,1,0,0,1,1,0
2099,37.0,0.0,1368.0,0.0,,960.0,1,0,0,1,0,0,0,0,1,0
2101,26.0,0.0,10.0,0.0,702.0,1.0,1,0,0,1,0,0,0,1,1,0
2105,27.0,0.0,3341.0,,80.0,654.0,0,1,0,1,0,0,0,1,0,1
2106,22.0,0.0,0.0,0.0,0.0,0.0,0,1,0,0,1,1,0,0,1,0
2107,46.0,,0.0,0.0,0.0,0.0,1,0,0,0,1,0,0,1,1,0
2109,43.0,485.0,4.0,136.0,48.0,0.0,1,0,0,1,0,1,0,0,1,0
2110,42.0,0.0,0.0,32.0,772.0,0.0,1,0,0,1,0,0,0,1,1,0
2111,39.0,0.0,0.0,13.0,0.0,868.0,1,0,0,1,0,0,0,1,1,0
2113,43.0,2318.0,0.0,647.0,81.0,0.0,0,0,1,1,0,0,0,1,1,0
2116,46.0,171.0,0.0,1257.0,5.0,0.0,0,0,1,1,0,0,0,1,1,0
2117,3.0,0.0,0.0,0.0,0.0,0.0,1,0,0,1,0,0,0,1,1,0
2119,1.0,0.0,0.0,0.0,0.0,0.0,1,0,0,1,0,0,0,1,1,0
2141,35.0,174.0,0.0,381.0,0.0,62.0,0,0,1,1,0,0,0,1,1,0
2147,54.0,0.0,3381.0,0.0,4463.0,34.0,0,1,0,1,0,0,0,1,0,1
2154,48.0,0.0,0.0,0.0,0.0,0.0,0,1,0,0,1,1,0,0,1,0
2164,44.0,0.0,0.0,0.0,0.0,0.0,0,1,0,0,1,0,0,1,1,0
2165,33.0,0.0,763.0,1.0,66.0,84.0,1,0,0,1,0,0,0,1,1,0
2170,45.0,0.0,0.0,0.0,0.0,0.0,1,0,0,0,1,0,1,0,1,0
2172,18.0,128.0,37.0,626.0,0.0,5.0,1,0,0,1,0,0,0,1,1,0
2174,,0.0,760.0,0.0,21.0,23.0,1,0,0,1,0,1,0,0,1,0
2175,25.0,0.0,0.0,0.0,0.0,0.0,1,0,0,0,1,0,1,0,1,0
2179,21.0,556.0,0.0,20.0,1589.0,0.0,1,0,0,1,0,0,0,1,1,0
2180,16.0,0.0,0.0,0.0,0.0,0.0,0,0,1,1,0,0,0,1,1,0
2181,45.0,0.0,0.0,0.0,0.0,0.0,0,1,0,0,1,1,0,0,1,0
2199,13.0,880.0,0.0,0.0,0.0,0.0,1,0,0,1,0,1,0,0,1,0
2215,20.0,464.0,0.0,1432.0,0.0,0.0,0,0,1,1,0,0,0,1,1,0
2218,32.0,0.0,0.0,0.0,0.0,0.0,0,1,0,0,1,0,1,0,1,0
2220,41.0,0.0,33.0,0.0,1324.0,0.0,1,0,0,1,0,1,0,0,1,0
2226,30.0,0.0,0.0,0.0,0.0,0.0,1,0,0,0,0,0,0,1,1,0
2232,20.0,768.0,19.0,0.0,1.0,0.0,1,0,0,1,0,0,0,1,1,0
2234,49.0,712.0,1.0,0.0,0.0,,1,0,0,1,0,0,0,1,1,0
2237,36.0,0.0,810.0,0.0,0.0,0.0,1,0,0,1,0,1,0,0,1,0
2250,43.0,0.0,0.0,,0.0,0.0,1,0,0,0,1,0,0,1,1,0
2253,18.0,0.0,0.0,0.0,0.0,0.0,1,0,0,0,1,0,1,0,1,0
2254,42.0,0.0,1829.0,2.0,3133.0,2447.0,0,1,0,1,0,0,0,1,1,0
2256,32.0,11.0,31.0,0.0,836.0,9.0,1,0,0,1,0,0,0,1,1,0
2263,26.0,0.0,0.0,0.0,0.0,0.0,0,1,0,0,1,0,0,1,1,0
2267,32.0,0.0,0.0,0.0,,0.0,0,1,0,0,1,0,0,1,1,0
2270,23.0,0.0,0.0,0.0,0.0,0.0,0,0,1,0,1,0,0,1,1,0
2272,17.0,0.0,11.0,493.0,0.0,372.0,1,0,0,1,0,1,0,0,1,0
2274,31.0,1458.0,421.0,76.0,0.0,0.0,0,0,0,1,0,0,0,1,1,0
2277,33.0,0.0,0.0,661.0,0.0,94.0,1,0,0,1,0,0,0,1,1,0
2282,42.0,526.0,2.0,28.0,161.0,,1,0,0,1,0,1,0,0,1,0
2283,27.0,0.0,0.0,0.0,0.0,0.0,0,0,1,0,1,0,0,1,1,0
2292,48.0,58.0,0.0,12.0,,0.0,1,0,0,1,0,0,0,1,1,0
2294,42.0,999.0,0.0,49.0,0.0,11.0,0,0,1,1,0,0,0,1,1,0
2298,30.0,756.0,4.0,30.0,0.0,0.0,1,0,0,1,0,0,0,1,1,0
2300,,0.0,27.0,0.0,3573.0,3643.0,0,1,0,1,0,0,0,1,1,0
2317,27.0,0.0,0.0,0.0,0.0,0.0,0,1,0,0,1,1,0,0,1,0
2322,19.0,0.0,13.0,291.0,481.0,2.0,0,0,0,1,0,0,0,1,1,0
2324,38.0,0.0,2506.0,46.0,11001.0,5.0,0,0,0,1,0,1,0,0,1,0
2325,39.0,0.0,0.0,0.0,0.0,0.0,0,1,0,0,1,1,0,0,1,0
2332,37.0,0.0,0.0,0.0,0.0,0.0,0,1,0,0,1,1,0,0,1,0
2345,38.0,0.0,0.0,0.0,0.0,0.0,0,1,0,0,1,1,0,0,1,0
2350,24.0,737.0,37.0,1682.0,0.0,0.0,0,0,1,1,0,0,0,1,1,0
2354,28.0,0.0,0.0,0.0,0.0,0.0,1,0,0,0,1,0,0,1,1,0
2355,23.0,0.0,9.0,292.0,35.0,349.0,1,0,0,1,0,0,1,0,1,0
2359,6.0,0.0,0.0,0.0,0.0,0.0,0,1,0,1,0,1,0,0,1,0
2362,36.0,548.0,179.0,24.0,0.0,77.0,1,0,0,1,0,0,0,1,1,0
2368,55.0,1281.0,0.0,7.0,1.0,0.0,0,0,1,1,0,0,0,1,1,0
2372,7.0,0.0,0.0,0.0,0.0,,1,0,0,1,0,1,0,0,1,0
2379,32.0,0.0,0.0,0.0,0.0,0.0,0,0,1,0,0,0,0,1,1,0
2386,19.0,194.0,44.0,0.0,549.0,1.0,1,0,0,1,0,0,0,1,1,0
2390,17.0,0.0,0.0,0.0,0.0,0.0,0,0,1,0,1,0,0,1,1,0
2395,28.0,0.0,0.0,0.0,0.0,0.0,0,1,0,0,1,1,0,0,1,0
2406,26.0,0.0,8150.0,0.0,3508.0,99.0,0,1,0,1,0,0,0,1,1,0
2408,29.0,0.0,0.0,0.0,0.0,0.0,0,1,0,0,1,0,0,1,1,0
2409,8.0,0.0,0.0,0.0,0.0,0.0,1,0,0,1,0,0,0,1,1,0
2413,23.0,0.0,121.0,0.0,568.0,128.0,1,0,0,1,0,0,0,1,1,0
2430,0.0,0.0,0.0,0.0,0.0,0.0,0,0,1,1,0,1,0,0,1,0
2438,12.0,0.0,0.0,0.0,0.0,0.0,0,1,0,1,0,0,0,1,1,0
2441,32.0,59.0,0.0,469.0,0.0,0.0,1,0,0,1,0,0,1,0,1,0
2445,15.0,0.0,0.0,875.0,3.0,,1,0,0,1,0,0,0,1,1,0
2446,14.0,0.0,0.0,0.0,0.0,0.0,1,0,0,0,1,0,0,1,1,0
2452,22.0,91.0,6.0,0.0,17.0,693.0,1,0,0,1,0,0,0,1,1,0
2455,39.0,0.0,0.0,0.0,0.0,,0,0,1,0,1,0,0,1,1,0
2456,18.0,1867.0,0.0,29.0,72.0,,0,0,1,1,0,0,0,1,1,0
2462,34.0,122.0,0.0,6.0,739.0,0.0,1,0,0,1,0,0,1,0,1,0
2468,33.0,0.0,286.0,1795.0,712.0,7041.0,0,1,0,1,0,1,0,0,1,0
2472,36.0,0.0,0.0,0.0,0.0,0.0,1,0,0,0,1,0,0,1,1,0
2474,22.0,0.0,0.0,670.0,0.0,32.0,1,0,0,1,0,0,0,1,1,0
2475,30.0,0.0,0.0,0.0,0.0,0.0,1,0,0,0,1,0,0,1,1,0
2477,21.0,366.0,1136.0,795.0,132.0,0.0,1,0,0,1,0,0,0,1,0,0
2482,,1722.0,4.0,937.0,0.0,0.0,0,0,1,1,0,1,0,0,1,0
2487,23.0,29.0,34.0,1.0,2838.0,0.0,1,0,0,1,0,1,0,0,1,0
2490,17.0,0.0,33.0,0.0,56.0,708.0,1,0,0,1,0,1,0,0,1,0
2493,34.0,3551.0,1284.0,1865.0,90.0,0.0,0,1,0,1,0,1,0,0,1,0
2497,31.0,880.0,0.0,0.0,8.0,0.0,1,0,0,1,0,0,0,1,1,0
2506,57.0,0.0,1514.0,0.0,72.0,1393.0,0,1,0,1,0,0,0,1,1,0
2515,24.0,0.0,0.0,0.0,0.0,0.0,1,0,0,0,1,0,0,1,1,0
2517,44.0,1178.0,1.0,348.0,0.0,0.0,1,0,0,1,0,0,0,1,1,0
2535,25.0,0.0,0.0,0.0,0.0,0.0,0,0,1,0,1,1,0,0,1,0
2536,24.0,0.0,0.0,0.0,0.0,0.0,0,1,0,0,1,0,0,1,1,0
2543,15.0,0.0,0.0,0.0,0.0,0.0,1,0,0,0,1,0,0,1,1,0
2556,43.0,471.0,0.0,133.0,2.0,692.0,0,0,1,1,0,0,0,1,1,0
2557,15.0,746.0,0.0,2.0,0.0,11.0,1,0,0,1,0,0,0,1,1,0
2559,52.0,758.0,0.0,356.0,5.0,0.0,0,0,1,1,0,0,0,1,1,0
2560,49.0,0.0,0.0,0.0,0.0,0.0,0,0,1,0,0,0,0,1,0,0
2563,41.0,0.0,0.0,0.0,0.0,0.0,0,0,1,0,1,0,0,0,1,0
2587,25.0,314.0,2.0,648.0,92.0,0.0,0,0,1,1,0,0,0,1,1,0
2592,53.0,,0.0,0.0,0.0,0.0,0,0,1,0,1,1,0,0,1,0
2598,58.0,,0.0,0.0,0.0,0.0,0,1,0,0,1,0,0,1,1,0
2607,43.0,0.0,9923.0,660.0,10.0,266.0,0,1,0,1,0,1,0,0,1,0
2610,34.0,10.0,5659.0,15.0,3.0,0.0,0,1,0,1,0,0,0,1,1,0
2615,38.0,0.0,0.0,0.0,0.0,0.0,0,1,0,0,1,1,0,0,1,0
2619,23.0,18.0,2595.0,0.0,0.0,122.0,1,0,0,1,0,0,0,1,1,0
2622,33.0,0.0,0.0,154.0,22.0,820.0,1,0,0,1,0,0,0,1,1,0
2624,0.0,0.0,0.0,0.0,0.0,0.0,1,0,0,0,1,0,0,1,1,0
2625,41.0,0.0,0.0,0.0,0.0,0.0,1,0,0,0,1,0,0,1,1,0
2634,24.0,165.0,0.0,981.0,2.0,0.0,0,0,1,1,0,0,0,1,1,0
2638,3.0,0.0,0.0,,0.0,0.0,0,0,0,0,1,1,0,0,1,0
2642,8.0,0.0,0.0,0.0,0.0,0.0,0,0,0,0,1,0,0,1,1,0
2646,28.0,1581.0,213.0,0.0,18.0,3051.0,0,1,0,1,0,1,0,0,1,0
2648,23.0,0.0,824.0,0.0,495.0,1479.0,0,1,0,1,0,0,0,1,1,0
2650,34.0,0.0,250.0,23.0,0.0,514.0,1,0,0,1,0,0,0,1,1,0
2651,40.0,0.0,11.0,0.0,2205.0,1295.0,0,1,0,1,0,0,0,1,0,1
2657,50.0,357.0,0.0,657.0,0.0,0.0,0,0,1,1,0,0,0,1,1,0
2662,14.0,0.0,,14.0,692.0,809.0,1,0,0,1,0,1,0,0,1,0
2663,38.0,0.0,896.0,0.0,,4168.0,0,1,0,1,0,1,0,0,1,0
2671,32.0,0.0,0.0,0.0,0.0,0.0,0,0,1,0,1,0,0,1,1,0
2679,59.0,0.0,0.0,1.0,920.0,1.0,1,0,0,1,0,0,0,1,1,0
2685,42.0,173.0,656.0,0.0,0.0,23.0,1,0,0,1,0,0,0,1,1,0
2688,32.0,0.0,0.0,0.0,0.0,0.0,1,0,0,0,1,0,1,0,1,0
2693,44.0,0.0,0.0,744.0,62.0,3.0,1,0,0,1,0,0,0,1,1,0
2695,44.0,0.0,351.0,0.0,3.0,3447.0,0,1,0,1,0,0,0,1,1,0
2697,18.0,4.0,904.0,0.0,0.0,1.0,1,0,0,1,0,0,0,1,1,0
2702,9.0,0.0,0.0,0.0,0.0,0.0,1,0,0,1,0,0,0,1,1,0
2703,27.0,688.0,307.0,779.0,0.0,19.0,1,0,0,1,0,1,0,0,1,0
2704,24.0,0.0,0.0,443.0,244.0,1.0,1,0,0,1,0,0,1,0,1,0
2712,29.0,1.0,0.0,133.0,104.0,574.0,1,0,0,1,0,0,0,0,1,0
2725,23.0,0.0,0.0,0.0,0.0,0.0,0,0,1,0,1,1,0,0,1,0
2732,45.0,,9.0,0.0,857.0,16.0,1,0,0,1,0,0,0,1,1,0
2736,68.0,0.0,0.0,0.0,0.0,0.0,0,1,0,0,1,0,0,1,1,0
2744,0.0,0.0,0.0,0.0,0.0,0.0,1,0,0,1,0,0,0,1,1,0
2749,25.0,0.0,641.0,0.0,2.0,0.0,0,0,0,1,0,1,0,0,1,0
2761,37.0,221.0,0.0,32.0,38.0,516.0,1,0,0,1,0,0,0,0,1,0
2770,15.0,5711.0,0.0,2516.0,0.0,1370.0,0,0,1,1,0,0,0,1,1,0
2774,24.0,1252.0,6.0,,123.0,706.0,1,0,0,1,0,0,0,1,1,0
2775,24.0,173.0,0.0,14.0,0.0,603.0,1,0,0,1,0,0,0,1,1,0
2785,32.0,0.0,53.0,0.0,744.0,0.0,1,0,0,1,0,0,0,1,1,0
2787,19.0,23.0,0.0,0.0,0.0,732.0,1,0,0,1,0,0,1,0,1,0
2798,37.0,608.0,0.0,6.0,0.0,1637.0,1,0,0,1,0,0,0,1,1,0
2819,32.0,0.0,0.0,0.0,0.0,0.0,0,1,0,1,0,0,0,1,1,0
2822,69.0,577.0,139.0,0.0,0.0,0.0,1,0,0,1,0,0,0,1,1,0
2823,21.0,0.0,0.0,0.0,0.0,0.0,1,0,0,0,1,0,0,1,1,0
2834,22.0,664.0,0.0,0.0,65.0,0.0,1,0,0,1,0,0,0,1,1,0
2844,62.0,379.0,453.0,0.0,7.0,0.0,1,0,0,1,0,0,0,1,1,0
2847,26.0,0.0,,8.0,21.0,6023.0,0,1,0,1,0,0,0,1,1,0
2853,57.0,0.0,0.0,0.0,0.0,0.0,0,1,0,0,1,0,0,1,1,0
2859,28.0,0.0,0.0,0.0,0.0,0.0,0,1,0,1,0,0,0,1,1,0
2863,22.0,,0.0,102.0,43.0,700.0,1,0,0,1,0,0,0,1,1,0
2864,22.0,2229.0,0.0,1349.0,121.0,0.0,0,0,1,1,0,1,0,0,1,0
2871,30.0,0.0,0.0,0.0,0.0,0.0,0,1,0,0,1,1,0,0,1,0
2887,6.0,0.0,0.0,0.0,0.0,0.0,1,0,0,0,1,0,1,0,1,0
2897,21.0,0.0,0.0,0.0,0.0,0.0,1,0,0,0,1,0,0,1,1,0
2898,4.0,0.0,0.0,0.0,0.0,0.0,0,0,0,0,1,0,0,1,1,0
2903,30.0,0.0,4.0,1604.0,678.0,1681.0,1,0,0,1,0,0,0,1,1,0
2904,26.0,912.0,0.0,43.0,0.0,0.0,0,0,1,1,0,0,0,1,1,0
2915,56.0,0.0,323.0,971.0,58.0,4240.0,0,1,0,1,0,1,0,0,1,0
2919,13.0,1007.0,0.0,142.0,295.0,0.0,0,0,1,1,0,0,0,1,1,0
2936,34.0,0.0,0.0,0.0,0.0,0.0,0,1,0,0,1,1,0,0,1,0
2937,43.0,0.0,788.0,0.0,0.0,1191.0,1,0,0,1,0,0,0,1,1,0
2952,40.0,4.0,11.0,669.0,0.0,773.0,1,0,0,1,0,0,0,1,1,0
2958,55.0,0.0,0.0,0.0,0.0,0.0,1,0,0,0,1,1,0,0,1,0
2965,43.0,511.0,233.0,,0.0,144.0,1,0,0,1,0,1,0,0,1,0
2966,0.0,0.0,0.0,0.0,0.0,0.0,1,0,0,1,0,0,0,1,1,0
2969,14.0,0.0,0.0,0.0,0.0,0.0,0,0,0,0,1,0,0,1,1,0
2972,23.0,0.0,1573.0,0.0,36.0,0.0,1,0,0,1,0,0,0,1,1,0
2974,36.0,5.0,623.0,88.0,5.0,1.0,1,0,0,1,0,0,0,1,1,0
2977,39.0,0.0,0.0,0.0,0.0,0.0,0,0,1,0,1,0,0,1,1,0
2980,,16.0,0.0,799.0,0.0,37.0,1,0,0,1,0,0,0,1,1,0
2982,17.0,0.0,0.0,0.0,0.0,0.0,0,1,0,0,1,1,0,0,1,0
2988,27.0,158.0,0.0,1271.0,0.0,71.0,1,0,0,1,0,0,0,1,1,0
2993,7.0,0.0,0.0,0.0,0.0,0.0,0,0,1,1,0,0,0,1,1,0
3000,25.0,764.0,16.0,0.0,8.0,0.0,1,0,0,1,0,0,0,1,1,0
3006,54.0,0.0,0.0,0.0,0.0,0.0,0,1,0,0,1,1,0,0,1,0
3008,20.0,508.0,0.0,1.0,1372.0,0.0,1,0,0,1,0,0,0,1,1,0
3025,21.0,0.0,0.0,0.0,,0.0,0,1,0,0,1,0,0,1,1,0
3036,38.0,0.0,0.0,0.0,846.0,0.0,1,0,0,1,0,0,0,1,1,0
3040,22.0,718.0,2.0,50.0,0.0,0.0,1,0,0,1,0,0,0,1,1,0
3041,18.0,0.0,,14.0,625.0,0.0,1,0,0,1,0,1,0,0,1,0
3043,52.0,0.0,0.0,0.0,0.0,0.0,0,1,0,0,1,0,0,1,1,0
3045,14.0,,0.0,0.0,,0.0,0,1,0,0,1,1,0,0,1,0
3046,25.0,0.0,0.0,0.0,0.0,0.0,0,1,0,1,0,0,0,1,0,1
3047,34.0,0.0,0.0,0.0,0.0,0.0,0,1,0,0,1,0,0,1,1,0
3048,20.0,915.0,12.0,25.0,205.0,311.0,0,0,1,1,0,0,0,1,1,0
3058,8.0,0.0,0.0,0.0,0.0,0.0,1,0,0,0,1,1,0,0,1,0
3060,0.0,0.0,0.0,0.0,0.0,0.0,1,0,0,1,0,1,0,0,1,0
3062,41.0,0.0,0.0,0.0,0.0,0.0,0,1,0,0,1,0,0,1,1,0
3067,26.0,0.0,0.0,0.0,0.0,0.0,0,1,0,0,1,0,0,1,1,0
3082,53.0,0.0,0.0,0.0,0.0,0.0,0,1,0,0,1,1,0,0,1,0
3085,31.0,0.0,0.0,0.0,0.0,0.0,1,0,0,0,1,0,1,0,1,0
3088,34.0,578.0,0.0,0.0,0.0,323.0,1,0,0,1,0,0,0,1,1,0
3089,55.0,0.0,0.0,0.0,0.0,0.0,1,0,0,0,1,0,0,1,1,0
3098,32.0,0.0,0.0,7.0,3653.0,226.0,0,1,0,1,0,0,0,1,1,0
3102,47.0,0.0,0.0,0.0,0.0,0.0,1,0,0,0,1,1,0,0,1,0
3115,52.0,0.0,1429.0,0.0,1371.0,488.0,0,1,0,1,0,0,0,1,0,1
3117,9.0,0.0,0.0,0.0,0.0,0.0,0,0,1,0,1,0,0,1,1,0
3126,42.0,0.0,3.0,0.0,898.0,1.0,1,0,0,1,0,0,0,1,1,0
3133,35.0,1.0,0.0,37.0,719.0,0.0,1,0,0,1,0,1,0,0,1,0
3138,26.0,0.0,0.0,0.0,0.0,0.0,1,0,0,0,1,0,0,1,1,0
3139,23.0,24.0,1.0,1264.0,0.0,0.0,0,0,1,1,0,0,0,1,1,0
3148,6.0,0.0,0.0,0.0,0.0,0.0,1,0,0,1,0,1,0,0,1,0
3153,37.0,308.0,35.0,415.0,10.0,0.0,1,0,0,1,0,0,1,0,1,0
3155,38.0,0.0,0.0,0.0,0.0,0.0,1,0,0,0,1,0,0,1,1,0
3156,11.0,0.0,0.0,0.0,0.0,0.0,1,0,0,1,0,0,0,1,1,0
3157,6.0,0.0,0.0,0.0,0.0,0.0,1,0,0,1,0,1,0,0,1,0
3159,55.0,0.0,5971.0,158.0,4125.0,1984.0,0,1,0,1,0,0,0,1,1,0
3162,16.0,0.0,0.0,0.0,0.0,,1,0,0,0,1,0,0,1,1,0
3163,48.0,0.0,12.0,0.0,7967.0,15.0,0,1,0,1,0,0,0,1,1,0
3172,40.0,15.0,0.0,0.0,670.0,,1,0,0,1,0,0,1,0,1,0
3174,27.0,0.0,0.0,0.0,0.0,0.0,0,1,0,0,1,0,0,1,1,0
3177,31.0,0.0,1216.0,0.0,897.0,478.0,0,1,0,1,0,0,0,1,1,0
3178,33.0,22.0,37.0,415.0,0.0,333.0,1,0,0,1,0,0,0,1,1,0
3182,,0.0,0.0,0.0,0.0,0.0,0,0,1,0,1,0,0,1,1,0
3188,0.0,0.0,0.0,0.0,0.0,0.0,1,0,0,0,1,0,0,1,1,0
3191,17.0,0.0,0.0,0.0,0.0,0.0,0,1,0,0,0,0,0,1,1,0
3192,26.0,0.0,0.0,0.0,0.0,0.0,0,0,0,0,1,1,0,0,1,0
3194,17.0,0.0,83.0,0.0,0.0,943.0,1,0,0,1,0,0,0,1,1,0
3204,42.0,1196.0,0.0,0.0,68.0,1.0,1,0,0,1,0,0,0,1,1,0
3205,29.0,0.0,4.0,0.0,0.0,904.0,1,0,0,1,0,0,0,1,1,0
3207,21.0,0.0,2834.0,0.0,414.0,558.0,0,1,0,1,0,0,0,1,1,0
3212,36.0,0.0,0.0,0.0,,0.0,0,0,1,0,1,1,0,0,1,0
3216,14.0,0.0,0.0,533.0,266.0,93.0,1,0,0,1,0,0,0,1,1,0
3219,51.0,90.0,0.0,0.0,881.0,0.0,1,0,0,1,0,0,0,1,1,0
3220,64.0,0.0,0.0,0.0,0.0,0.0,1,0,0,0,1,0,0,1,1,0
3221,41.0,0.0,0.0,0.0,0.0,0.0,0,1,0,0,1,0,0,1,1,0
3224,20.0,0.0,880.0,5.0,25.0,490.0,1,0,0,1,0,0,0,1,1,0
3229,33.0,0.0,0.0,0.0,0.0,0.0,0,1,0,0,1,0,0,1,1,0
3232,4.0,0.0,,0.0,0.0,0.0,1,0,0,0,0,1,0,0,1,0
3242,24.0,0.0,0.0,0.0,0.0,0.0,0,1,0,0,1,0,0,1,1,0
3245,46.0,0.0,0.0,0.0,1529.0,3069.0,0,1,0,1,0,1,0,0,1,0
3246,26.0,0.0,0.0,0.0,0.0,0.0,0,1,0,1,0,0,0,1,1,0
3248,28.0,274.0,0.0,693.0,944.0,0.0,0,0,1,0,0,0,0,1,1,0
3253,33.0,44.0,630.0,18.0,96.0,0.0,1,0,0,1,0,0,0,1,1,0
3267,48.0,0.0,0.0,0.0,0.0,0.0,0,1,0,0,1,1,0,0,1,0
3277,26.0,0.0,597.0,0.0,0.0,212.0,0,0,0,1,0,0,0,1,1,0
3282,40.0,0.0,0.0,0.0,0.0,0.0,0,0,1,0,1,0,0,1,1,0
3284,23.0,1.0,0.0,778.0,8.0,,1,0,0,1,0,0,0,1,1,0
3287,45.0,,0.0,0.0,0.0,0.0,0,0,1,0,1,0,0,1,0,0
3291,25.0,0.0,0.0,0.0,0.0,0.0,0,0,1,0,1,0,0,1,1,0
3296,31.0,0.0,0.0,0.0,0.0,0.0,0,0,1,0,1,0,0,1,1,0
3297,39.0,0.0,2804.0,0.0,130.0,139.0,0,1,0,1,0,0,0,1,1,0
3304,5.0,0.0,0.0,0.0,0.0,0.0,1,0,0,0,1,0,1,0,1,0
3307,18.0,0.0,0.0,0.0,0.0,0.0,0,1,0,0,1,0,0,1,1,0
3309,28.0,766.0,0.0,1.0,258.0,26.0,1,0,0,1,0,0,0,1,1,0
3311,37.0,78.0,0.0,0.0,2948.0,0.0,0,0,1,1,0,0,0,1,1,0
3315,43.0,0.0,0.0,0.0,0.0,0.0,0,0,1,0,1,0,0,1,1,0
3318,55.0,14.0,0.0,0.0,3778.0,1.0,0,0,1,1,0,1,0,0,1,0
3324,14.0,30.0,59.0,0.0,572.0,0.0,1,0,0,1,0,0,0,1,1,0
3325,19.0,0.0,0.0,0.0,0.0,0.0,0,0,1,0,1,0,0,1,1,0
3330,26.0,1178.0,7.0,0.0,7.0,0.0,0,0,1,1,0,0,0,1,1,0
3334,55.0,42.0,4.0,1215.0,0.0,3.0,1,0,0,1,0,0,0,1,1,0
3355,27.0,0.0,325.0,0.0,8.0,1622.0,0,1,0,1,0,0,0,1,1,0
3356,28.0,0.0,0.0,0.0,0.0,0.0,0,1,0,0,0,1,0,0,1,0
3359,36.0,5.0,,896.0,0.0,1.0,1,0,0,1,0,0,0,1,1,0
3374,28.0,0.0,0.0,0.0,0.0,0.0,0,0,1,0,1,0,0,1,1,0
3388,,0.0,0.0,0.0,0.0,0.0,0,0,1,0,1,0,0,1,1,0
3404,38.0,0.0,0.0,0.0,0.0,0.0,0,1,0,0,1,1,0,0,1,0
3409,50.0,43.0,661.0,1.0,85.0,0.0,1,0,0,1,0,0,0,1,1,0
3417,21.0,4.0,,137.0,1640.0,455.0,0,1,0,1,0,0,0,1,1,0
3419,24.0,25.0,284.0,0.0,330.0,64.0,1,0,0,1,0,0,0,1,1,0
3429,30.0,0.0,0.0,0.0,0.0,0.0,0,1,0,0,1,1,0,0,1,0
3430,57.0,0.0,3859.0,13.0,195.0,3874.0,0,1,0,1,0,0,0,1,1,0
3448,56.0,0.0,0.0,0.0,0.0,0.0,0,1,0,0,1,0,0,1,1,0
3458,28.0,1193.0,0.0,2509.0,0.0,0.0,0,0,1,1,0,0,0,1,0,1
3467,27.0,3340.0,588.0,,173.0,71.0,0,1,0,1,0,1,0,0,1,0
3468,34.0,0.0,4.0,0.0,685.0,1779.0,0,1,0,1,0,0,0,1,0,1
3472,61.0,328.0,5193.0,0.0,20.0,533.0,0,1,0,1,0,0,0,1,1,0
3474,17.0,0.0,0.0,0.0,0.0,0.0,1,0,0,0,1,1,0,0,1,0
3475,19.0,0.0,312.0,2.0,76.0,418.0,1,0,0,1,0,0,0,1,1,0
3476,29.0,0.0,0.0,0.0,0.0,0.0,0,1,0,0,1,0,0,1,1,0
3479,19.0,0.0,827.0,5.0,55.0,0.0,1,0,0,1,0,0,0,1,1,0
3486,,0.0,0.0,0.0,0.0,0.0,0,0,1,0,1,0,0,1,1,0
3488,32.0,0.0,0.0,0.0,0.0,0.0,0,1,0,0,1,0,0,1,1,0
3490,48.0,396.0,0.0,,0.0,297.0,1,0,0,1,0,0,0,1,1,0
3491,24.0,0.0,274.0,594.0,35.0,658.0,1,0,0,1,0,0,0,1,1,0
3499,18.0,381.0,4.0,0.0,0.0,368.0,1,0,0,1,0,0,0,1,1,0
3504,24.0,0.0,0.0,0.0,,0.0,0,0,1,0,1,0,0,1,1,0
3505,44.0,0.0,280.0,112.0,0.0,9244.0,0,1,0,1,0,1,0,0,1,0
3509,28.0,80.0,828.0,0.0,4494.0,4269.0,0,1,0,1,0,0,0,1,1,0
3511,20.0,0.0,,422.0,0.0,0.0,1,0,0,1,0,0,0,1,1,0
3515,30.0,513.0,0.0,0.0,0.0,317.0,1,0,0,1,0,0,0,1,1,0
3517,35.0,227.0,117.0,394.0,9.0,56.0,1,0,0,1,0,0,0,1,1,0
3520,29.0,2.0,407.0,4509.0,1433.0,9.0,0,1,0,1,0,0,0,1,1,0
3523,24.0,1.0,677.0,13.0,10.0,0.0,1,0,0,1,0,0,0,1,1,0
3525,51.0,183.0,0.0,1.0,0.0,1103.0,1,0,0,1,0,1,0,0,1,0
3530,55.0,0.0,0.0,0.0,0.0,0.0,0,0,1,0,1,0,0,1,1,0
3532,,132.0,75.0,849.0,0.0,0.0,0,0,1,1,0,0,0,1,1,0
3533,25.0,519.0,0.0,284.0,0.0,0.0,0,0,1,1,0,0,0,1,1,0
3534,15.0,0.0,0.0,0.0,0.0,0.0,1,0,0,0,1,0,0,1,1,0
3537,,0.0,0.0,0.0,0.0,0.0,0,1,0,0,1,1,0,0,1,0
3540,67.0,0.0,0.0,0.0,0.0,0.0,0,1,0,0,1,0,0,1,1,0
3542,33.0,25.0,0.0,1376.0,604.0,0.0,0,0,1,1,0,0,0,1,1,0
3577,39.0,0.0,0.0,0.0,0.0,0.0,0,1,0,0,1,1,0,0,1,0
3589,31.0,0.0,0.0,0.0,0.0,0.0,0,0,1,0,1,0,0,1,1,0
3590,13.0,974.0,0.0,1883.0,0.0,505.0,0,0,1,1,0,0,0,1,1,0
3594,,0.0,0.0,0.0,0.0,0.0,0,1,0,0,1,0,0,1,1,0
3601,16.0,0.0,0.0,623.0,40.0,209.0,1,0,0,1,0,1,0,0,1,0
3602,42.0,0.0,0.0,0.0,0.0,0.0,1,0,0,0,1,0,0,1,1,0
3607,29.0,2478.0,0.0,31.0,4.0,11.0,1,0,0,1,0,0,0,1,1,0
3610,19.0,0.0,0.0,3.0,785.0,0.0,1,0,0,1,0,0,0,1,1,0
3615,36.0,0.0,0.0,0.0,0.0,0.0,1,0,0,0,1,0,1,0,1,0
3619,36.0,0.0,0.0,0.0,0.0,0.0,0,0,1,0,1,0,0,1,1,0
3627,1.0,0.0,0.0,0.0,0.0,0.0,1,0,0,0,1,0,0,1,1,0
3636,20.0,9.0,0.0,1462.0,94.0,54.0,1,0,0,1,0,0,0,1,1,0
3648,18.0,95.0,0.0,0.0,13.0,622.0,1,0,0,1,0,0,0,1,1,0
3649,9.0,0.0,0.0,0.0,0.0,0.0,1,0,0,0,1,0,0,1,1,0
3652,18.0,716.0,,0.0,0.0,0.0,1,0,0,1,0,0,0,1,1,0
3654,42.0,0.0,1249.0,0.0,1313.0,1148.0,0,1,0,1,0,1,0,0,1,0
3655,28.0,3.0,1300.0,0.0,1250.0,1148.0,0,1,0,1,0,0,0,0,1,0
3656,37.0,0.0,0.0,0.0,0.0,0.0,0,1,0,0,1,1,0,0,1,0
3657,29.0,0.0,0.0,0.0,1819.0,1.0,1,0,0,1,0,1,0,0,1,0
3659,18.0,659.0,0.0,2316.0,0.0,23.0,0,0,1,1,0,0,0,1,1,0
3662,18.0,0.0,0.0,0.0,0.0,0.0,1,0,0,0,1,0,1,0,1,0
3669,60.0,2739.0,0.0,0.0,0.0,0.0,0,0,1,1,0,0,0,1,0,1
3675,18.0,325.0,0.0,477.0,50.0,5.0,1,0,0,1,0,0,0,1,1,0
3680,45.0,0.0,0.0,0.0,0.0,0.0,1,0,0,0,1,0,0,1,1,0
3681,41.0,1144.0,12.0,14.0,22.0,0.0,0,0,1,1,0,0,0,1,1,0
3683,28.0,653.0,0.0,0.0,0.0,20.0,1,0,0,1,0,0,0,1,1,0
3690,21.0,0.0,0.0,0.0,0.0,0.0,1,0,0,0,1,0,0,1,1,0
3702,19.0,46.0,0.0,675.0,0.0,0.0,1,0,0,1,0,0,0,1,1,0
3704,33.0,400.0,270.0,33.0,0.0,0.0,1,0,0,1,0,0,1,0,1,0
3708,43.0,1448.0,0.0,150.0,0.0,0.0,0,0,1,1,0,0,0,1,1,0
3715,40.0,0.0,0.0,310.0,1.0,421.0,1,0,0,1,0,0,1,0,1,0
3716,27.0,0.0,0.0,2.0,0.0,808.0,1,0,0,1,0,1,0,0,1,0
3721,25.0,0.0,83.0,0.0,439.0,0.0,1,0,0,1,0,1,0,0,1,0
3726,0.0,0.0,0.0,0.0,0.0,0.0,1,0,0,0,1,0,0,1,1,0
3728,3.0,0.0,0.0,0.0,0.0,0.0,1,0,0,0,1,0,0,1,1,0
3737,17.0,3.0,83.0,927.0,0.0,1.0,1,0,0,1,0,0,0,1,1,0
3738,4.0,0.0,0.0,0.0,0.0,0.0,1,0,0,1,0,0,0,1,1,0
3755,34.0,309.0,542.0,0.0,0.0,55.0,1,0,0,1,0,1,0,0,1,0
3768,29.0,0.0,0.0,0.0,0.0,0.0,1,0,0,0,1,0,1,0,1,0
3770,10.0,0.0,0.0,0.0,0.0,0.0,1,0,0,0,1,0,0,1,1,0
3776,13.0,0.0,0.0,0.0,0.0,0.0,1,0,0,0,0,0,1,0,1,0
3778,38.0,0.0,0.0,0.0,0.0,0.0,0,0,1,0,1,0,0,1,1,0
3797,22.0,0.0,0.0,0.0,0.0,0.0,1,0,0,0,1,0,0,1,1,0
3806,25.0,1339.0,1.0,360.0,0.0,0.0,1,0,0,1,0,0,0,1,1,0
3813,60.0,0.0,0.0,,0.0,0.0,1,0,0,0,1,0,0,1,1,0
3815,23.0,1616.0,0.0,1.0,0.0,2.0,1,0,0,1,0,0,0,1,1,0
3822,26.0,0.0,1549.0,0.0,0.0,766.0,0,1,0,1,0,0,0,1,1,0
3824,46.0,227.0,0.0,1546.0,3.0,2.0,0,0,1,1,0,0,0,1,1,0
3830,30.0,0.0,0.0,0.0,0.0,0.0,1,0,0,0,1,0,0,1,1,0
3833,48.0,0.0,0.0,0.0,0.0,0.0,0,1,0,0,1,0,0,1,1,0
3838,48.0,0.0,0.0,0.0,0.0,0.0,0,1,0,0,1,1,0,0,1,0
3845,31.0,0.0,0.0,0.0,0.0,0.0,0,0,1,0,1,0,0,1,1,0
3855,19.0,0.0,0.0,0.0,0.0,0.0,0,0,1,0,1,0,0,1,1,0
3863,43.0,0.0,0.0,,0.0,0.0,0,1,0,0,1,0,0,1,1,0
3871,15.0,0.0,0.0,0.0,0.0,0.0,1,0,0,0,1,1,0,0,1,0
3873,23.0,0.0,0.0,0.0,0.0,0.0,0,0,1,0,1,0,0,1,1,0
3876,15.0,,2.0,15.0,5.0,842.0,1,0,0,1,0,0,0,1,1,0
3883,38.0,0.0,18.0,30.0,0.0,832.0,1,0,0,1,0,0,0,1,1,0
3909,19.0,0.0,0.0,4.0,6.0,773.0,1,0,0,1,0,0,0,1,1,0
3910,30.0,0.0,1172.0,183.0,91.0,0.0,0,1,0,1,0,0,0,1,0,1
3939,22.0,0.0,13.0,524.0,7.0,0.0,1,0,0,1,0,0,0,1,1,0
3940,25.0,0.0,0.0,0.0,0.0,0.0,0,0,0,0,1,0,0,1,1,0
3947,23.0,4.0,157.0,142.0,,196.0,1,0,0,1,0,0,1,0,1,0
3956,32.0,1331.0,416.0,0.0,665.0,64.0,0,0,1,1,0,0,0,1,1,0
3961,19.0,1184.0,88.0,0.0,0.0,334.0,0,0,1,1,0,1,0,0,1,0
3965,21.0,0.0,0.0,23.0,820.0,22.0,1,0,0,1,0,0,0,1,1,0
3966,24.0,0.0,0.0,1435.0,10.0,0.0,1,0,0,1,0,1,0,0,1,0
3967,47.0,0.0,4983.0,0.0,173.0,43.0,0,1,0,1,0,0,0,1,1,0
3970,36.0,0.0,0.0,0.0,0.0,0.0,0,1,0,0,1,1,0,0,1,0
3972,31.0,0.0,0.0,0.0,0.0,0.0,0,1,0,0,0,0,0,1,1,0
3977,30.0,0.0,10.0,0.0,3840.0,329.0,1,0,0,1,0,0,0,1,1,0
3985,25.0,0.0,0.0,0.0,0.0,0.0,0,1,0,0,1,0,0,1,1,0
3986,62.0,0.0,22.0,0.0,3314.0,22.0,0,1,0,1,0,0,0,1,1,0
3992,37.0,0.0,0.0,115.0,671.0,0.0,1,0,0,1,0,0,0,1,1,0
3997,39.0,0.0,266.0,0.0,1254.0,197.0,0,1,0,1,0,0,0,1,1,0
3998,63.0,0.0,490.0,1.0,2882.0,18.0,0,1,0,0,0,0,0,1,1,0
3999,39.0,9.0,1525.0,0.0,0.0,146.0,0,1,0,1,0,0,0,1,1,0
4004,26.0,1.0,1269.0,4790.0,270.0,5116.0,0,1,0,1,0,1,0,0,1,0
4012,19.0,0.0,2.0,0.0,669.0,0.0,1,0,0,1,0,0,1,0,1,0
4020,29.0,646.0,91.0,13.0,0.0,0.0,1,0,0,1,0,0,0,1,1,0
4024,41.0,14.0,6777.0,81.0,604.0,2936.0,0,1,0,1,0,1,0,0,1,0
4026,33.0,0.0,0.0,0.0,0.0,0.0,0,1,0,0,1,1,0,0,1,0
4027,6.0,0.0,0.0,0.0,0.0,0.0,1,0,0,0,1,1,0,0,1,0
4032,21.0,0.0,0.0,0.0,0.0,0.0,1,0,0,0,1,0,1,0,1,0
4042,25.0,0.0,0.0,0.0,0.0,0.0,0,0,1,0,1,0,0,1,1,0
4055,34.0,0.0,0.0,0.0,0.0,0.0,0,0,1,0,1,0,0,1,1,0
4064,47.0,2044.0,0.0,95.0,0.0,120.0,0,0,1,1,0,0,0,1,1,0
4076,37.0,33.0,3484.0,17.0,4.0,1384.0,0,1,0,1,0,0,0,1,1,0
4080,23.0,118.0,0.0,949.0,206.0,2071.0,0,0,1,1,0,0,0,1,1,0
4083,40.0,0.0,17687.0,0.0,425.0,155.0,0,1,0,1,0,1,0,0,1,0
4096,39.0,106.0,243.0,126.0,7.0,4967.0,0,1,0,1,0,1,0,0,1,0
4097,22.0,0.0,0.0,0.0,0.0,0.0,0,0,0,0,1,0,0,1,1,0
4103,43.0,0.0,168.0,3.0,0.0,452.0,1,0,0,1,0,0,1,0,1,0
4106,54.0,0.0,0.0,0.0,0.0,0.0,0,1,0,1,0,0,0,1,1,0
4110,8.0,0.0,0.0,0.0,0.0,0.0,0,0,1,0,1,0,0,1,1,0
4114,13.0,38.0,0.0,0.0,733.0,0.0,1,0,0,1,0,1,0,0,1,0
4116,18.0,754.0,0.0,34.0,0.0,0.0,1,0,0,1,0,0,0,1,1,0
4119,35.0,0.0,0.0,0.0,0.0,0.0,1,0,0,0,1,0,1,0,1,0
4121,32.0,689.0,0.0,610.0,0.0,0.0,0,0,1,1,0,0,0,1,1,0
4122,0.0,0.0,0.0,0.0,0.0,0.0,0,0,1,1,0,1,0,0,1,0
4137,45.0,941.0,281.0,36.0,12.0,39.0,0,0,1,1,0,0,0,1,1,0
4155,31.0,0.0,0.0,0.0,0.0,0.0,0,1,0,0,1,1,0,0,0,1
4160,38.0,2.0,114.0,771.0,3094.0,448.0,0,1,0,1,0,0,0,1,1,0
4164,33.0,0.0,4017.0,,,2260.0,0,1,0,0,0,0,0,1,1,0
4169,65.0,0.0,7194.0,0.0,6.0,,0,1,0,1,0,1,0,0,1,0
4170,22.0,0.0,0.0,0.0,0.0,0.0,0,1,0,0,1,1,0,0,1,0
4174,28.0,0.0,2560.0,0.0,134.0,307.0,0,1,0,1,0,0,0,1,1,0
4184,43.0,31.0,76.0,0.0,1353.0,1713.0,0,1,0,1,0,0,0,1,1,0
4188,26.0,0.0,0.0,0.0,0.0,0.0,0,1,0,0,1,0,0,1,1,0
4189,43.0,0.0,39.0,327.0,4643.0,85.0,0,1,0,1,0,1,0,0,1,0
4190,28.0,1549.0,0.0,5.0,0.0,0.0,1,0,0,1,0,0,0,1,1,0
4204,9.0,0.0,0.0,0.0,0.0,0.0,1,0,0,1,0,0,0,1,1,0
4210,34.0,0.0,0.0,0.0,0.0,0.0,0,0,1,0,1,0,0,1,1,0
4218,28.0,0.0,0.0,0.0,0.0,0.0,0,0,1,0,1,0,0,1,1,0
4223,4.0,0.0,0.0,0.0,0.0,0.0,1,0,0,0,1,0,1,0,1,0
4224,11.0,0.0,0.0,0.0,0.0,,1,0,0,1,0,0,0,1,1,0
4228,7.0,0.0,0.0,0.0,0.0,0.0,1,0,0,1,0,0,0,1,1,0
4230,22.0,0.0,0.0,0.0,0.0,0.0,0,0,0,0,1,0,0,1,1,0
4237,25.0,1340.0,0.0,8.0,0.0,0.0,0,0,1,1,0,0,0,1,1,0
4254,43.0,26.0,132.0,3.0,117.0,555.0,1,0,0,1,0,1,0,0,1,0
4265,15.0,0.0,0.0,0.0,0.0,0.0,1,0,0,0,1,0,0,1,1,0
4271,20.0,0.0,25.0,0.0,0.0,803.0,1,0,0,1,0,0,0,1,1,0
4273,28.0,0.0,180.0,516.0,,,1,0,0,1,0,0,0,1,1,0
4275,55.0,0.0,102.0,0.0,278.0,5353.0,0,1,0,1,0,0,1,0,0,1
4284,30.0,,43.0,0.0,0.0,6.0,1,0,0,1,0,0,0,1,1,0
4308,1.0,0.0,0.0,0.0,0.0,0.0,0,0,1,0,1,0,0,1,1,0
4310,64.0,77.0,2424.0,0.0,3001.0,127.0,0,1,0,1,0,0,0,1,1,0
4312,27.0,267.0,2802.0,0.0,54.0,77.0,0,1,0,1,0,0,0,1,1,0
4315,28.0,0.0,0.0,0.0,0.0,0.0,0,0,0,0,1,0,0,1,1,0
4317,36.0,0.0,0.0,0.0,725.0,2.0,1,0,0,1,0,1,0,0,1,0
4325,31.0,2.0,20.0,1.0,1026.0,2.0,1,0,0,1,0,1,0,0,1,0
4331,42.0,36.0,0.0,2554.0,0.0,9.0,0,0,1,1,0,0,0,1,1,0
4335,25.0,0.0,0.0,0.0,0.0,0.0,1,0,0,0,1,1,0,0,1,0
4336,34.0,0.0,,21.0,7.0,16.0,0,1,0,1,0,0,1,0,0,1
4339,24.0,0.0,0.0,0.0,0.0,0.0,0,1,0,0,1,1,0,0,1,0
4345,45.0,0.0,7484.0,465.0,14.0,610.0,0,1,0,1,0,0,0,1,1,0
4353,41.0,454.0,297.0,0.0,2.0,0.0,1,0,0,1,0,0,1,0,1,0
4357,62.0,0.0,1633.0,0.0,1742.0,0.0,0,1,0,1,0,0,0,1,0,1
4364,,0.0,0.0,0.0,0.0,0.0,0,1,0,0,1,0,0,1,1,0
4381,30.0,77.0,2325.0,5.0,117.0,1.0,1,0,0,1,0,0,0,0,1,0
4402,41.0,0.0,,,0.0,0.0,1,0,0,0,1,1,0,0,1,0
4413,38.0,0.0,172.0,615.0,0.0,0.0,1,0,0,1,0,0,0,1,1,0
4416,27.0,14327.0,1487.0,0.0,1.0,0.0,0,1,0,1,0,0,0,1,1,0
4418,29.0,0.0,920.0,0.0,2052.0,3687.0,0,1,0,1,0,0,0,1,0,1
4422,21.0,3148.0,0.0,1.0,0.0,0.0,0,0,1,1,0,0,0,1,1,0
4428,40.0,0.0,0.0,0.0,0.0,0.0,1,0,0,0,1,0,0,1,1,0
4434,61.0,0.0,0.0,0.0,0.0,0.0,1,0,0,0,1,0,1,0,1,0
4437,16.0,0.0,0.0,0.0,0.0,0.0,1,0,0,0,1,0,0,1,1,0
4446,20.0,0.0,3.0,0.0,1271.0,2630.0,0,1,0,1,0,0,0,1,1,0
4447,28.0,0.0,0.0,0.0,0.0,0.0,0,1,0,0,1,0,0,1,1,0
4448,37.0,8.0,21.0,0.0,56.0,2167.0,0,1,0,1,0,0,0,1,1,0
4451,50.0,0.0,1338.0,0.0,40.0,6178.0,0,1,0,1,0,0,0,0,1,0
4457,29.0,574.0,0.0,4940.0,1831.0,2.0,0,0,1,1,0,0,0,1,1,0
4459,35.0,0.0,0.0,0.0,0.0,0.0,0,0,1,0,1,0,0,1,1,0
4460,0.0,0.0,0.0,0.0,0.0,0.0,0,0,1,1,0,1,0,0,0,0
4471,30.0,25.0,245.0,198.0,2.0,321.0,1,0,0,1,0,1,0,0,1,0
4474,54.0,0.0,0.0,,0.0,0.0,0,1,0,0,1,1,0,0,1,0
4476,44.0,248.0,0.0,0.0,0.0,623.0,1,0,0,1,0,0,0,1,1,0
4480,22.0,0.0,669.0,121.0,0.0,56.0,1,0,0,1,0,0,0,1,1,0
4484,22.0,256.0,0.0,0.0,0.0,373.0,1,0,0,1,0,1,0,0,1,0
4498,27.0,0.0,0.0,0.0,0.0,,0,1,0,0,1,1,0,0,1,0
4502,29.0,0.0,0.0,0.0,0.0,0.0,0,1,0,0,1,1,0,0,1,0
4504,19.0,2.0,0.0,,9.0,754.0,1,0,0,1,0,0,0,1,1,0
4509,36.0,13.0,1480.0,1.0,1439.0,1955.0,0,1,0,1,0,1,0,0,1,0
4513,13.0,21.0,0.0,1564.0,0.0,1.0,0,0,1,1,0,0,0,1,1,0
4521,18.0,211.0,594.0,2.0,493.0,62.0,1,0,0,1,0,0,0,1,1,0
4523,1.0,0.0,0.0,,0.0,0.0,1,0,0,0,1,0,0,1,1,0
4524,44.0,22.0,1.0,0.0,864.0,0.0,1,0,0,1,0,0,0,1,1,0
4525,27.0,665.0,631.0,1.0,,0.0,0,0,1,1,0,0,0,1,1,0
4538,30.0,0.0,0.0,0.0,0.0,0.0,1,0,0,0,1,0,1,0,0,0
4539,14.0,363.0,44.0,0.0,0.0,512.0,1,0,0,1,0,1,0,0,1,0
4540,45.0,944.0,292.0,2.0,,0.0,0,0,1,1,0,0,0,1,1,0
4552,23.0,2260.0,0.0,152.0,106.0,60.0,0,0,1,1,0,0,0,1,1,0
4561,30.0,4531.0,212.0,10.0,157.0,12.0,0,1,0,1,0,0,0,1,1,0
4563,19.0,423.0,,0.0,0.0,0.0,1,0,0,1,0,1,0,0,1,0
4567,17.0,0.0,0.0,1875.0,142.0,2.0,1,0,0,1,0,0,0,1,1,0
4573,18.0,0.0,0.0,0.0,0.0,0.0,0,0,1,0,1,0,0,1,1,0
4578,22.0,126.0,3.0,0.0,1305.0,0.0,1,0,0,1,0,1,0,0,1,0
4589,23.0,0.0,0.0,874.0,,0.0,1,0,0,1,0,0,0,1,1,0
4590,22.0,0.0,0.0,0.0,0.0,0.0,0,1,0,0,1,0,0,1,1,0
4595,40.0,176.0,932.0,0.0,0.0,,1,0,0,1,0,0,0,1,1,0
4597,28.0,647.0,1.0,32.0,71.0,140.0,1,0,0,1,0,0,0,1,1,0
4598,40.0,0.0,0.0,0.0,0.0,0.0,1,0,0,0,1,0,0,1,1,0
4601,52.0,0.0,837.0,1.0,2.0,8.0,1,0,0,1,0,0,0,1,1,0
4604,23.0,62.0,0.0,0.0,1.0,2203.0,1,0,0,1,0,1,0,0,1,0
4606,59.0,460.0,139.0,0.0,1.0,0.0,1,0,0,1,0,1,0,0,1,0
4611,19.0,1301.0,0.0,31.0,1.0,0.0,0,0,1,1,0,0,0,1,1,0
4613,19.0,0.0,0.0,0.0,0.0,0.0,0,0,1,0,1,0,0,1,1,0
4615,59.0,0.0,0.0,0.0,0.0,0.0,1,0,0,0,1,1,0,0,1,0
4621,23.0,197.0,76.0,5635.0,7.0,0.0,0,0,1,1,0,0,0,1,1,0
4665,25.0,0.0,0.0,0.0,0.0,0.0,1,0,0,0,1,0,1,0,1,0
4669,32.0,2756.0,125.0,9.0,0.0,103.0,1,0,0,1,0,0,0,1,1,0
4684,42.0,642.0,282.0,0.0,0.0,0.0,1,0,0,1,0,1,0,0,1,0
4687,43.0,0.0,0.0,0.0,0.0,0.0,1,0,0,0,1,0,0,1,1,0
4691,27.0,0.0,0.0,0.0,0.0,0.0,0,1,0,0,1,0,0,1,1,0
4699,26.0,1033.0,172.0,26.0,0.0,518.0,0,0,1,1,0,0,0,1,0,1
4702,26.0,1331.0,0.0,973.0,484.0,0.0,0,0,0,1,0,0,0,1,1,0
4710,41.0,4.0,4619.0,0.0,251.0,213.0,0,1,0,1,0,0,0,1,1,0
4711,36.0,0.0,0.0,0.0,474.0,12.0,1,0,0,1,0,1,0,0,1,0
4719,24.0,5.0,1.0,7.0,0.0,895.0,1,0,0,1,0,0,0,1,1,0
4720,16.0,1285.0,,14.0,1386.0,0.0,0,0,1,1,0,0,0,1,1,0
4722,24.0,1157.0,0.0,0.0,131.0,0.0,0,0,1,1,0,0,0,1,1,0
4724,26.0,0.0,21.0,10424.0,1373.0,7218.0,0,1,0,1,0,0,0,1,1,0
4725,39.0,10.0,199.0,0.0,6216.0,101.0,0,1,0,1,0,1,0,0,1,0
4733,23.0,228.0,1451.0,912.0,3.0,0.0,0,0,1,1,0,1,0,0,1,0
4741,27.0,0.0,867.0,0.0,20.0,1371.0,0,1,0,1,0,1,0,0,1,0
4744,54.0,0.0,8246.0,0.0,56.0,118.0,0,1,0,1,0,0,0,1,1,0
4746,18.0,,794.0,16.0,0.0,0.0,1,0,0,1,0,0,0,1,1,0
4765,22.0,0.0,0.0,0.0,1600.0,168.0,1,0,0,1,0,1,0,0,1,0
4767,19.0,0.0,3750.0,0.0,0.0,41.0,0,1,0,1,0,0,0,1,1,0
4768,0.0,0.0,0.0,0.0,0.0,0.0,1,0,0,0,0,0,0,1,1,0
4775,49.0,9.0,179.0,0.0,3.0,7865.0,0,1,0,1,0,1,0,0,0,1
4776,61.0,0.0,0.0,0.0,0.0,0.0,0,0,1,0,1,0,0,1,1,0
4780,56.0,0.0,0.0,0.0,0.0,0.0,0,1,0,0,1,0,0,1,1,0
4784,17.0,,0.0,0.0,0.0,0.0,1,0,0,0,1,0,1,0,1,0
4787,28.0,29.0,394.0,0.0,712.0,4360.0,0,1,0,1,0,0,0,1,1,0
4794,25.0,0.0,0.0,0.0,0.0,0.0,0,0,1,0,1,0,0,1,1,0
4801,31.0,0.0,679.0,0.0,0.0,213.0,1,0,0,1,0,0,0,1,1,0
4802,16.0,43.0,0.0,0.0,1893.0,119.0,1,0,0,1,0,0,0,1,1,0
4804,21.0,0.0,1.0,2832.0,0.0,0.0,0,0,1,1,0,0,0,1,1,0
4813,19.0,0.0,0.0,0.0,0.0,0.0,1,0,0,0,1,1,0,0,1,0
4817,9.0,0.0,0.0,0.0,0.0,0.0,0,0,0,1,0,0,0,1,1,0
4821,20.0,859.0,3.0,0.0,939.0,0.0,0,0,1,1,0,0,0,1,1,0
4828,16.0,0.0,0.0,0.0,0.0,0.0,1,0,0,0,1,0,0,1,1,0
4832,21.0,0.0,0.0,0.0,0.0,0.0,0,1,0,0,1,1,0,0,1,0
4833,29.0,0.0,4198.0,227.0,1.0,1415.0,0,1,0,1,0,0,0,1,1,0
4839,39.0,98.0,0.0,125.0,0.0,1082.0,0,0,1,1,0,1,0,0,1,0
4840,30.0,0.0,0.0,0.0,0.0,0.0,1,0,0,0,1,0,0,1,1,0
4856,4.0,0.0,0.0,0.0,0.0,0.0,1,0,0,0,1,0,0,1,1,0
4858,0.0,0.0,0.0,0.0,0.0,0.0,1,0,0,1,0,0,0,1,1,0
4861,20.0,949.0,0.0,0.0,5.0,0.0,0,0,0,1,0,0,0,1,1,0
4868,18.0,0.0,0.0,0.0,0.0,0.0,0,1,0,0,1,0,0,1,1,0
4872,20.0,0.0,4.0,761.0,22.0,1.0,1,0,0,1,0,0,0,0,1,0
4879,2.0,0.0,0.0,0.0,0.0,0.0,1,0,0,1,0,0,0,1,1,0
4888,26.0,168.0,,382.0,166.0,0.0,1,0,0,1,0,0,0,1,1,0
4902,24.0,0.0,0.0,56.0,564.0,880.0,1,0,0,1,0,0,0,1,1,0
4917,38.0,218.0,0.0,586.0,770.0,0.0,0,0,1,1,0,0,0,1,1,0
4922,25.0,922.0,0.0,1.0,91.0,0.0,0,0,1,1,0,0,0,1,1,0
4923,22.0,0.0,0.0,0.0,0.0,0.0,0,0,1,0,1,0,0,1,1,0
4928,16.0,0.0,0.0,0.0,0.0,0.0,0,1,0,0,1,0,0,1,1,0
4932,26.0,41.0,0.0,444.0,572.0,0.0,0,0,1,1,0,0,0,1,1,0
4934,70.0,241.0,1065.0,0.0,2290.0,2.0,0,1,0,1,0,0,0,1,1,0
4936,14.0,0.0,0.0,0.0,0.0,0.0,1,0,0,0,1,0,0,1,1,0
4945,20.0,0.0,0.0,0.0,0.0,0.0,0,0,1,0,1,0,0,1,1,0
4948,29.0,0.0,10.0,0.0,594.0,120.0,1,0,0,1,0,0,0,1,1,0
4949,39.0,0.0,2868.0,0.0,5.0,1968.0,0,1,0,1,0,1,0,0,0,1
4956,26.0,0.0,196.0,0.0,0.0,487.0,1,0,0,1,0,0,0,1,1,0
4960,31.0,1177.0,2.0,0.0,,1.0,1,0,0,1,0,0,0,1,1,0
4962,25.0,0.0,4313.0,0.0,175.0,60.0,0,1,0,1,0,0,0,1,1,0
4967,21.0,0.0,0.0,0.0,0.0,0.0,0,1,0,0,1,0,0,1,1,0
4969,9.0,0.0,0.0,0.0,0.0,0.0,1,0,0,1,0,0,0,1,1,0
4979,27.0,0.0,0.0,0.0,0.0,0.0,0,1,0,0,1,0,0,1,1,0
4985,32.0,0.0,1301.0,0.0,94.0,356.0,0,1,0,1,0,0,0,1,1,0
4994,15.0,0.0,0.0,0.0,0.0,0.0,1,0,0,0,1,1,0,0,1,0
5019,35.0,0.0,0.0,0.0,0.0,0.0,0,1,0,0,1,1,0,0,1,0
5029,13.0,0.0,0.0,0.0,0.0,0.0,0,1,0,0,1,0,0,1,1,0
5031,30.0,0.0,95.0,0.0,1202.0,5558.0,0,1,0,1,0,0,0,1,1,0
5032,42.0,0.0,0.0,8.0,3409.0,0.0,1,0,0,1,0,0,0,1,1,0
5038,48.0,581.0,6.0,1.0,158.0,0.0,0,0,1,1,0,0,0,1,1,0
5041,32.0,2497.0,0.0,101.0,0.0,0.0,0,0,1,1,0,0,0,1,0,0
5042,24.0,0.0,0.0,0.0,0.0,0.0,1,0,0,0,1,0,0,1,1,0
5051,30.0,0.0,0.0,0.0,0.0,0.0,0,0,1,0,1,1,0,0,1,0
5054,38.0,766.0,38.0,0.0,0.0,0.0,1,0,0,1,0,0,0,1,1,0
5056,32.0,1781.0,0.0,654.0,580.0,0.0,0,0,1,1,0,0,0,1,1,0
5058,33.0,748.0,130.0,1047.0,458.0,0.0,0,0,1,1,0,0,0,1,1,0
5059,38.0,20.0,3960.0,153.0,280.0,1674.0,0,1,0,1,0,0,0,1,1,0
5062,16.0,481.0,0.0,166.0,0.0,122.0,1,0,0,1,0,0,1,0,1,0
5073,39.0,0.0,829.0,0.0,1.0,0.0,1,0,0,1,0,0,0,1,1,0
5079,64.0,469.0,700.0,2.0,1.0,0.0,0,0,0,1,0,0,0,1,1,0
5085,33.0,2.0,0.0,0.0,,720.0,1,0,0,1,0,1,0,0,1,0
5091,7.0,0.0,0.0,0.0,0.0,0.0,1,0,0,0,1,0,0,1,1,0
5092,30.0,0.0,59.0,18.0,639.0,0.0,1,0,0,1,0,1,0,0,1,0
5097,32.0,0.0,0.0,,0.0,0.0,1,0,0,0,1,0,0,1,1,0
5100,16.0,0.0,0.0,0.0,0.0,0.0,1,0,0,0,1,0,1,0,1,0
5104,,848.0,1497.0,2.0,0.0,0.0,0,0,1,1,0,0,0,1,1,0
5106,39.0,0.0,1.0,0.0,739.0,0.0,1,0,0,1,0,0,0,1,1,0
5109,20.0,489.0,126.0,663.0,214.0,0.0,0,0,1,1,0,0,0,1,1,0
5135,24.0,0.0,0.0,0.0,0.0,0.0,0,0,1,0,1,0,0,1,1,0
5136,28.0,0.0,0.0,0.0,0.0,0.0,0,1,0,0,1,0,0,1,1,0
5137,15.0,0.0,22.0,6805.0,0.0,531.0,0,1,0,1,0,0,0,1,1,0
5144,23.0,0.0,551.0,59.0,720.0,14.0,1,0,0,1,0,0,0,1,1,0
5165,0.0,0.0,0.0,0.0,0.0,,1,0,0,1,0,0,0,1,1,0
5177,19.0,1.0,1.0,,0.0,1755.0,1,0,0,1,0,0,0,1,1,0
5180,0.0,0.0,0.0,0.0,0.0,0.0,1,0,0,0,1,1,0,0,1,0
5181,18.0,0.0,288.0,35.0,0.0,435.0,1,0,0,1,0,0,0,1,1,0
5186,33.0,0.0,0.0,0.0,0.0,0.0,0,0,1,0,1,0,0,1,1,0
5205,28.0,0.0,0.0,0.0,0.0,0.0,0,0,1,0,0,0,0,1,1,0
5210,37.0,0.0,0.0,0.0,0.0,0.0,1,0,0,0,1,0,0,1,1,0
5211,23.0,0.0,0.0,0.0,0.0,0.0,1,0,0,0,1,1,0,0,1,0
5212,57.0,1696.0,0.0,1006.0,0.0,27.0,0,0,1,1,0,0,0,1,1,0
5218,72.0,2445.0,3023.0,0.0,704.0,20.0,0,1,0,1,0,1,0,0,1,0
5219,49.0,0.0,3991.0,298.0,289.0,2740.0,0,1,0,1,0,0,0,1,1,0
5227,34.0,0.0,0.0,0.0,0.0,0.0,0,0,1,0,1,0,0,1,1,0
5228,18.0,0.0,0.0,0.0,0.0,0.0,1,0,0,0,1,1,0,0,1,0
5240,17.0,0.0,823.0,0.0,1168.0,14.0,1,0,0,1,0,0,0,1,1,0
5249,8.0,0.0,0.0,0.0,0.0,0.0,1,0,0,0,1,1,0,0,1,0
5256,23.0,765.0,5.0,0.0,0.0,0.0,1,0,0,1,0,0,0,1,1,0
5257,61.0,0.0,0.0,0.0,0.0,0.0,0,1,0,0,1,0,0,1,1,0
5265,19.0,0.0,785.0,0.0,0.0,19.0,1,0,0,1,0,0,0,1,1,0
5267,68.0,0.0,0.0,970.0,0.0,0.0,1,0,0,1,0,0,0,1,1,0
5268,16.0,0.0,0.0,0.0,0.0,0.0,1,0,0,0,1,0,0,1,1,0
5269,19.0,0.0,0.0,0.0,0.0,0.0,0,0,1,0,1,0,0,1,1,0
5281,27.0,0.0,0.0,0.0,0.0,0.0,0,1,0,0,1,0,0,1,1,0
5282,35.0,0.0,0.0,0.0,0.0,0.0,0,1,0,0,1,0,0,0,1,0
5286,15.0,643.0,0.0,45.0,0.0,10.0,0,0,1,1,0,0,0,1,1,0
5301,43.0,635.0,53.0,0.0,3.0,0.0,1,0,0,1,0,0,1,0,1,0
5307,13.0,56.0,1706.0,15.0,0.0,23.0,1,0,0,1,0,0,0,1,1,0
5312,35.0,0.0,0.0,0.0,0.0,0.0,1,0,0,0,1,1,0,0,1,0
5316,33.0,0.0,0.0,0.0,0.0,0.0,0,0,0,0,1,0,0,1,1,0
5318,38.0,0.0,1198.0,48.0,278.0,1244.0,0,1,0,1,0,1,0,0,1,0
5319,62.0,0.0,0.0,0.0,0.0,0.0,0,1,0,0,1,0,0,1,1,0
5327,45.0,0.0,0.0,2332.0,84.0,0.0,1,0,0,1,0,0,0,1,1,0
5330,14.0,0.0,0.0,325.0,247.0,305.0,1,0,0,1,0,0,0,1,1,0
5333,,0.0,0.0,0.0,0.0,0.0,0,0,1,0,1,0,0,1,1,0
5338,9.0,0.0,0.0,0.0,0.0,,1,0,0,1,0,0,0,1,1,0
5339,15.0,0.0,0.0,973.0,29.0,0.0,1,0,0,1,0,0,0,1,1,0
5340,33.0,0.0,4372.0,0.0,4103.0,0.0,0,1,0,1,0,0,0,1,1,0
5345,4.0,0.0,0.0,0.0,0.0,0.0,1,0,0,1,0,0,0,1,1,0
5352,20.0,0.0,0.0,0.0,0.0,0.0,1,0,0,0,1,0,0,1,1,0
5357,44.0,69.0,0.0,17.0,176.0,2105.0,1,0,0,1,0,0,0,1,1,0
5359,20.0,0.0,0.0,0.0,0.0,0.0,1,0,0,0,1,0,1,0,1,0
5361,27.0,0.0,0.0,,0.0,0.0,0,1,0,0,1,1,0,0,1,0
5371,39.0,0.0,11856.0,13.0,39.0,3.0,0,1,0,1,0,0,0,1,1,0
5372,35.0,0.0,7636.0,0.0,353.0,705.0,0,1,0,1,0,0,0,1,1,0
5376,32.0,70.0,764.0,724.0,547.0,1297.0,0,1,0,1,0,1,0,0,1,0
5381,35.0,247.0,436.0,459.0,1.0,1984.0,0,1,0,1,0,0,0,1,0,1
5382,18.0,0.0,625.0,0.0,0.0,356.0,1,0,0,1,0,0,0,1,1,0
5384,23.0,88.0,0.0,586.0,0.0,0.0,1,0,0,1,0,0,0,1,1,0
5387,19.0,5.0,0.0,0.0,716.0,0.0,1,0,0,1,0,0,1,0,1,0
5388,23.0,0.0,0.0,0.0,0.0,0.0,1,0,0,0,0,0,0,1,1,0
5412,33.0,2233.0,6408.0,,23.0,273.0,0,1,0,1,0,0,0,1,1,0
5414,21.0,0.0,0.0,0.0,0.0,0.0,0,1,0,0,1,1,0,0,1,0
5418,47.0,14.0,3.0,0.0,1720.0,0.0,1,0,0,1,0,0,1,0,1,0
5421,46.0,183.0,7.0,637.0,182.0,5.0,1,0,0,1,0,0,0,0,1,0
5430,26.0,0.0,0.0,0.0,0.0,0.0,1,0,0,0,1,0,0,1,1,0
5433,18.0,0.0,3.0,41.0,359.0,393.0,1,0,0,1,0,0,0,1,1,0
5434,53.0,751.0,0.0,,7.0,0.0,1,0,0,1,0,0,0,1,1,0
5437,28.0,0.0,0.0,0.0,0.0,0.0,1,0,0,0,1,0,0,1,1,0
5442,3.0,0.0,0.0,0.0,0.0,0.0,1,0,0,1,0,0,0,1,1,0
5443,12.0,0.0,0.0,0.0,0.0,0.0,1,0,0,0,1,0,0,1,1,0
5445,41.0,0.0,0.0,0.0,0.0,0.0,1,0,0,0,1,0,0,1,1,0
5452,54.0,0.0,0.0,0.0,0.0,0.0,0,0,1,0,1,0,0,1,1,0
5462,18.0,0.0,0.0,0.0,0.0,0.0,1,0,0,0,1,1,0,0,1,0
5475,23.0,0.0,0.0,0.0,0.0,0.0,1,0,0,0,1,0,0,1,1,0
5482,28.0,229.0,761.0,0.0,0.0,6.0,1,0,0,1,0,0,0,0,1,0
5485,36.0,0.0,75.0,106.0,0.0,1903.0,1,0,0,1,0,0,0,1,1,0
5493,40.0,7.0,0.0,6.0,1206.0,88.0,0,0,1,1,0,0,0,1,1,0
5495,0.0,0.0,0.0,0.0,0.0,0.0,0,0,1,1,0,0,0,1,1,0
5499,45.0,,0.0,0.0,1501.0,24.0,1,0,0,1,0,0,0,1,1,0
5500,62.0,104.0,53.0,194.0,436.0,0.0,1,0,0,1,0,0,0,1,1,0
5505,52.0,1364.0,131.0,444.0,0.0,0.0,0,0,1,1,0,0,0,1,1,0
5521,24.0,10.0,49.0,,1497.0,10.0,0,0,1,1,0,0,0,1,1,0
5527,48.0,0.0,0.0,790.0,2368.0,1292.0,1,0,0,1,0,0,0,1,1,0
5532,41.0,0.0,0.0,0.0,0.0,0.0,1,0,0,0,1,1,0,0,1,0
5535,6.0,0.0,0.0,0.0,0.0,0.0,0,0,1,0,1,0,0,1,0,0
5538,34.0,223.0,0.0,13.0,514.0,41.0,1,0,0,1,0,0,0,1,1,0
5540,51.0,0.0,0.0,207.0,347.0,262.0,1,0,0,1,0,0,0,0,1,0
5557,29.0,0.0,1644.0,0.0,0.0,3780.0,0,1,0,1,0,0,0,1,1,0
5560,24.0,0.0,2421.0,0.0,725.0,2300.0,0,1,0,1,0,1,0,0,1,0
5563,49.0,0.0,1264.0,0.0,5474.0,104.0,0,1,0,0,0,1,0,0,1,0
5569,28.0,0.0,1014.0,0.0,2463.0,517.0,0,1,0,1,0,0,0,1,1,0
5574,14.0,0.0,0.0,52.0,0.0,,1,0,0,1,0,1,0,0,1,0
5595,15.0,0.0,0.0,0.0,0.0,0.0,0,1,0,0,1,1,0,0,1,0
5604,38.0,,0.0,0.0,0.0,0.0,1,0,0,0,1,1,0,0,1,0
5615,21.0,0.0,0.0,0.0,0.0,0.0,0,0,1,0,1,1,0,0,1,0
5616,43.0,0.0,0.0,0.0,0.0,0.0,0,1,0,0,1,1,0,0,1,0
5629,24.0,555.0,0.0,618.0,0.0,0.0,0,0,1,1,0,0,0,1,1,0
5632,29.0,0.0,5.0,6.0,0.0,,1,0,0,1,0,0,0,1,1,0
5635,23.0,0.0,0.0,0.0,0.0,0.0,1,0,0,0,1,0,0,1,1,0
5636,26.0,0.0,9641.0,51.0,224.0,2428.0,0,1,0,1,0,1,0,0,1,0
5637,20.0,0.0,0.0,0.0,0.0,0.0,1,0,0,0,1,0,1,0,1,0
5639,23.0,94.0,132.0,0.0,967.0,5.0,1,0,0,1,0,1,0,0,0,0
5655,19.0,0.0,0.0,0.0,0.0,0.0,0,1,0,0,1,0,0,1,1,0
5657,24.0,718.0,0.0,265.0,302.0,384.0,1,0,0,1,0,0,0,1,1,0
5658,20.0,3.0,0.0,0.0,806.0,0.0,1,0,0,1,0,0,0,1,1,0
5661,,0.0,839.0,0.0,36.0,5.0,1,0,0,1,0,0,0,1,1,0
5665,9.0,0.0,0.0,0.0,0.0,0.0,1,0,0,0,1,0,0,1,1,0
5667,11.0,0.0,0.0,0.0,0.0,0.0,1,0,0,1,0,0,0,1,1,0
5670,16.0,0.0,,0.0,0.0,0.0,1,0,0,0,1,0,1,0,1,0
5673,36.0,0.0,1828.0,9058.0,1.0,2.0,0,1,0,1,0,0,0,1,1,0
5677,26.0,0.0,3638.0,0.0,1043.0,0.0,0,1,0,1,0,0,0,1,0,1
5679,25.0,0.0,30.0,20.0,0.0,941.0,1,0,0,1,0,0,0,1,1,0
5688,15.0,0.0,0.0,0.0,0.0,0.0,1,0,0,0,1,0,0,1,1,0
5694,31.0,0.0,0.0,0.0,0.0,0.0,0,0,1,0,1,0,1,0,1,0
5709,35.0,508.0,0.0,0.0,57.0,243.0,1,0,0,1,0,0,1,0,1,0
5718,28.0,8.0,0.0,3949.0,0.0,9.0,1,0,0,1,0,0,0,1,1,0
5729,15.0,3811.0,0.0,109.0,236.0,0.0,0,0,1,1,0,1,0,0,1,0
5734,18.0,14.0,2.0,144.0,610.0,0.0,1,0,0,0,0,0,0,1,1,0
5741,36.0,0.0,0.0,0.0,0.0,0.0,0,0,1,0,1,0,0,1,1,0
5745,7.0,0.0,0.0,0.0,0.0,0.0,1,0,0,0,1,0,1,0,1,0
5748,44.0,0.0,0.0,0.0,0.0,0.0,0,1,0,0,1,1,0,0,1,0
5759,58.0,0.0,1012.0,0.0,1120.0,20.0,0,1,0,1,0,0,0,1,0,0
5762,13.0,206.0,28.0,0.0,1.0,629.0,0,0,0,1,0,0,0,1,1,0
5763,13.0,0.0,9.0,0.0,,5648.0,0,1,0,1,0,0,0,1,1,0
5766,32.0,0.0,,0.0,0.0,0.0,0,1,0,0,1,0,0,1,1,0
5768,21.0,0.0,0.0,0.0,0.0,0.0,0,1,0,0,1,1,0,0,1,0
5771,36.0,0.0,0.0,0.0,0.0,0.0,0,0,1,0,1,0,0,1,0,0
5772,50.0,513.0,0.0,0.0,764.0,21.0,0,0,1,1,0,0,0,1,1,0
5782,37.0,0.0,0.0,834.0,0.0,8.0,1,0,0,1,0,0,1,0,1,0
5795,3.0,0.0,0.0,0.0,0.0,0.0,1,0,0,0,1,0,0,1,1,0
5796,2.0,0.0,0.0,0.0,0.0,0.0,1,0,0,0,1,0,0,1,1,0
5797,6.0,0.0,0.0,0.0,0.0,0.0,1,0,0,1,0,0,0,1,1,0
5800,4.0,0.0,0.0,0.0,0.0,0.0,0,1,0,0,1,0,0,1,1,0
5810,43.0,0.0,0.0,0.0,0.0,0.0,0,0,1,0,1,0,0,1,1,0
5813,18.0,0.0,784.0,8.0,11.0,0.0,1,0,0,1,0,0,0,1,1,0
5818,40.0,0.0,1.0,0.0,888.0,80.0,1,0,0,1,0,0,0,1,0,0
5819,49.0,460.0,86.0,92.0,659.0,0.0,0,0,1,1,0,0,0,1,1,0
5821,22.0,0.0,0.0,1.0,575.0,0.0,1,0,0,1,0,1,0,0,1,0
5829,14.0,5.0,0.0,479.0,297.0,9.0,1,0,0,1,0,0,0,1,1,0
5838,34.0,0.0,0.0,0.0,0.0,0.0,0,0,1,0,1,0,0,1,1,0
5841,16.0,0.0,0.0,0.0,0.0,0.0,1,0,0,0,1,0,1,0,1,0
5844,4.0,0.0,0.0,0.0,0.0,0.0,1,0,0,0,1,0,1,0,1,0
5848,,0.0,0.0,0.0,0.0,0.0,0,1,0,0,1,0,0,1,1,0
5849,45.0,0.0,0.0,0.0,0.0,0.0,0,1,0,0,1,0,0,1,1,0
5859,27.0,55.0,0.0,50.0,1849.0,1.0,0,0,1,1,0,0,0,1,0,1
5864,59.0,0.0,0.0,0.0,0.0,0.0,0,0,1,0,1,1,0,0,1,0
5867,28.0,0.0,809.0,0.0,2043.0,72.0,0,1,0,1,0,1,0,0,1,0
5879,50.0,199.0,0.0,182.0,0.0,,1,0,0,1,0,0,1,0,1,0
5883,30.0,0.0,0.0,0.0,0.0,0.0,0,1,0,0,1,1,0,0,1,0
5884,40.0,301.0,0.0,1310.0,4.0,,0,0,1,1,0,0,1,0,0,1
5890,33.0,0.0,0.0,0.0,0.0,0.0,1,0,0,0,1,0,1,0,1,0
5897,54.0,630.0,298.0,418.0,312.0,0.0,0,0,1,1,0,0,0,1,1,0
5901,59.0,0.0,0.0,0.0,0.0,0.0,0,1,0,0,1,0,0,1,1,0
5909,24.0,0.0,2680.0,0.0,2.0,45.0,1,0,0,1,0,0,0,1,1,0
5911,34.0,124.0,0.0,0.0,679.0,0.0,1,0,0,1,0,0,0,1,1,0
5913,37.0,0.0,0.0,0.0,0.0,0.0,0,1,0,1,0,0,0,1,1,0
5917,23.0,0.0,0.0,0.0,0.0,0.0,1,0,0,0,1,1,0,0,1,0
5919,27.0,135.0,3103.0,9.0,424.0,629.0,0,1,0,1,0,0,0,1,1,0
5920,47.0,0.0,0.0,0.0,0.0,0.0,1,0,0,0,1,0,0,1,1,0
5922,28.0,158.0,0.0,0.0,465.0,0.0,0,0,1,1,0,0,0,1,1,0
5924,,2.0,3.0,93.0,6.0,540.0,1,0,0,1,0,0,0,1,1,0
5925,64.0,0.0,0.0,0.0,0.0,0.0,0,1,0,0,0,1,0,0,1,0
5926,43.0,2.0,5329.0,0.0,7.0,0.0,0,1,0,1,0,0,0,1,1,0
5932,57.0,0.0,1409.0,29.0,0.0,0.0,1,0,0,1,0,0,0,1,1,0
5934,42.0,0.0,0.0,0.0,0.0,0.0,0,0,1,0,1,0,0,1,1,0
5938,8.0,0.0,0.0,,0.0,0.0,1,0,0,1,0,0,0,1,1,0
5939,3.0,0.0,0.0,0.0,0.0,0.0,1,0,0,0,1,0,1,0,1,0
5946,28.0,0.0,152.0,215.0,30.0,510.0,1,0,0,1,0,0,0,1,1,0
5955,64.0,0.0,316.0,2.0,673.0,0.0,1,0,0,1,0,1,0,0,1,0
5961,19.0,0.0,1234.0,0.0,1956.0,0.0,0,1,0,1,0,0,0,1,1,0
5963,16.0,0.0,68.0,1541.0,0.0,0.0,1,0,0,1,0,0,0,1,1,0
5964,48.0,3.0,4089.0,0.0,4368.0,147.0,0,1,0,1,0,1,0,0,1,0
5966,31.0,19.0,509.0,0.0,0.0,177.0,1,0,0,1,0,0,0,0,1,0
5968,40.0,1.0,0.0,895.0,10.0,0.0,1,0,0,1,0,0,0,1,1,0
5971,20.0,0.0,20.0,1.0,696.0,0.0,1,0,0,1,0,0,0,1,1,0
5973,33.0,,0.0,0.0,0.0,0.0,1,0,0,0,1,0,0,1,1,0
5976,0.0,0.0,0.0,0.0,0.0,0.0,1,0,0,1,0,1,0,0,1,0
5984,55.0,0.0,242.0,0.0,479.0,3.0,1,0,0,1,0,0,0,1,1,0
5994,14.0,0.0,0.0,0.0,0.0,0.0,1,0,0,0,1,0,0,1,1,0
5998,,49.0,13342.0,,1885.0,6985.0,0,1,0,1,0,1,0,0,1,0
6004,44.0,0.0,0.0,0.0,729.0,397.0,0,0,0,1,0,0,0,1,1,0
6005,25.0,106.0,0.0,0.0,0.0,925.0,1,0,0,1,0,0,0,1,1,0
6010,36.0,0.0,0.0,0.0,0.0,0.0,1,0,0,0,1,0,0,1,1,0
6018,16.0,0.0,0.0,99.0,,774.0,1,0,0,1,0,0,1,0,1,0
6026,26.0,0.0,2199.0,0.0,328.0,329.0,0,1,0,1,0,0,0,1,0,1
6045,19.0,114.0,3.0,622.0,0.0,0.0,1,0,0,1,0,0,0,1,1,0
6049,34.0,0.0,618.0,0.0,0.0,10888.0,0,1,0,1,0,1,0,0,0,1
6052,0.0,0.0,0.0,0.0,0.0,0.0,1,0,0,0,1,0,0,1,1,0
6065,52.0,0.0,652.0,9.0,0.0,0.0,1,0,0,1,0,0,1,0,1,0
6076,11.0,0.0,0.0,0.0,0.0,0.0,0,0,1,0,1,0,0,1,1,0
6081,16.0,0.0,0.0,0.0,0.0,0.0,0,1,0,0,1,0,0,1,1,0
6083,20.0,24.0,56.0,1.0,,468.0,1,0,0,1,0,1,0,0,1,0
6087,53.0,83.0,0.0,1590.0,60.0,0.0,0,0,1,1,0,1,0,0,1,0
6091,24.0,14.0,0.0,1.0,528.0,109.0,1,0,0,1,0,1,0,0,1,0
6092,49.0,0.0,0.0,0.0,0.0,0.0,1,0,0,0,1,0,1,0,1,0
6093,17.0,0.0,0.0,0.0,1806.0,0.0,1,0,0,1,0,0,0,1,1,0
6098,16.0,45.0,0.0,622.0,0.0,564.0,1,0,0,1,0,0,0,1,1,0
6104,0.0,0.0,0.0,0.0,0.0,0.0,1,0,0,0,1,0,0,1,1,0
6121,14.0,0.0,0.0,0.0,0.0,0.0,0,0,1,1,0,0,0,1,1,0
6122,14.0,0.0,0.0,0.0,0.0,0.0,1,0,0,0,1,0,0,1,1,0
6123,28.0,0.0,602.0,0.0,115.0,0.0,1,0,0,1,0,0,0,1,1,0
6127,18.0,22.0,0.0,20.0,596.0,5.0,1,0,0,1,0,0,1,0,1,0
6145,7.0,0.0,0.0,0.0,0.0,0.0,0,0,1,0,1,0,0,1,1,0
6146,78.0,0.0,213.0,202.0,288.0,0.0,1,0,0,1,0,1,0,0,1,0
6176,20.0,0.0,0.0,715.0,2.0,0.0,1,0,0,1,0,1,0,0,1,0
6178,21.0,0.0,20.0,1540.0,80.0,512.0,1,0,0,0,0,0,0,1,1,0
6179,32.0,0.0,0.0,0.0,0.0,0.0,1,0,0,0,1,0,1,0,1,0
6188,13.0,0.0,671.0,0.0,8.0,0.0,1,0,0,1,0,0,0,1,1,0
6193,21.0,861.0,0.0,310.0,0.0,0.0,0,0,1,1,0,1,0,0,1,0
6199,29.0,0.0,0.0,0.0,0.0,0.0,0,0,1,0,1,0,0,1,1,0
6200,68.0,0.0,0.0,0.0,0.0,0.0,0,0,1,0,1,1,0,0,1,0
6203,41.0,699.0,0.0,0.0,2.0,31.0,1,0,0,1,0,0,0,1,1,0
6208,30.0,0.0,123.0,0.0,1.0,784.0,1,0,0,1,0,0,0,1,1,0
6222,25.0,0.0,1538.0,97.0,530.0,35.0,0,1,0,1,0,1,0,0,1,0
6224,53.0,0.0,2606.0,0.0,1170.0,0.0,0,1,0,1,0,1,0,0,1,0
6225,21.0,0.0,0.0,0.0,0.0,0.0,1,0,0,0,1,0,0,1,1,0
6229,24.0,0.0,0.0,0.0,0.0,0.0,0,1,0,0,1,0,0,1,1,0
6231,47.0,285.0,600.0,3.0,0.0,640.0,1,0,0,1,0,0,0,1,1,0
6239,24.0,2.0,0.0,0.0,52.0,638.0,1,0,0,1,0,0,0,1,1,0
6250,29.0,0.0,0.0,0.0,0.0,0.0,0,0,1,0,1,0,0,1,1,0
6251,20.0,2532.0,1.0,0.0,59.0,10.0,1,0,0,1,0,0,0,1,1,0
6253,22.0,0.0,115.0,273.0,,218.0,1,0,0,1,0,0,1,0,1,0
6254,43.0,0.0,0.0,642.0,0.0,8.0,1,0,0,1,0,1,0,0,1,0
6256,15.0,0.0,0.0,0.0,0.0,,1,0,0,0,1,0,0,1,1,0
6259,34.0,0.0,0.0,0.0,0.0,0.0,1,0,0,0,1,0,1,0,1,0
6264,27.0,0.0,1891.0,0.0,2167.0,0.0,0,1,0,0,0,0,0,1,1,0
6271,29.0,0.0,0.0,0.0,0.0,0.0,1,0,0,0,1,0,0,1,1,0
6288,37.0,0.0,0.0,0.0,0.0,0.0,0,0,1,0,0,0,0,1,1,0
6289,47.0,590.0,0.0,47.0,3.0,53.0,1,0,0,1,0,0,0,1,1,0
6290,0.0,0.0,0.0,0.0,0.0,0.0,1,0,0,1,0,0,0,1,1,0
6292,0.0,0.0,0.0,0.0,0.0,0.0,1,0,0,0,1,1,0,0,1,0
6293,20.0,402.0,25.0,9.0,373.0,0.0,1,0,0,1,0,0,0,1,1,0
6302,27.0,17.0,65.0,74.0,1548.0,18.0,1,0,0,1,0,0,0,1,1,0
6309,4.0,0.0,0.0,0.0,0.0,0.0,0,0,1,1,0,1,0,0,1,0
6319,24.0,61.0,0.0,0.0,0.0,1495.0,1,0,0,1,0,0,1,0,1,0
6322,22.0,0.0,833.0,381.0,0.0,12.0,1,0,0,1,0,1,0,0,1,0
6325,30.0,0.0,,335.0,143.0,764.0,0,1,0,1,0,0,0,1,0,0
6332,31.0,239.0,321.0,0.0,0.0,124.0,1,0,0,1,0,0,1,0,1,0
6337,46.0,0.0,0.0,0.0,0.0,0.0,1,0,0,0,1,0,0,1,1,0
6339,2.0,0.0,0.0,0.0,0.0,,0,1,0,1,0,0,0,1,1,0
6347,37.0,18.0,238.0,0.0,528.0,0.0,1,0,0,1,0,0,0,1,1,0
6349,,0.0,0.0,0.0,0.0,0.0,1,0,0,0,1,0,0,1,1,0
6351,44.0,0.0,0.0,0.0,0.0,0.0,0,1,0,1,0,0,0,1,1,0
6354,27.0,0.0,33.0,9.0,1847.0,2035.0,0,1,0,1,0,1,0,0,1,0
6357,17.0,0.0,0.0,0.0,0.0,0.0,0,1,0,0,1,1,0,0,1,0
6358,32.0,0.0,390.0,60.0,5015.0,211.0,0,1,0,1,0,0,0,1,1,0
6364,14.0,0.0,6.0,791.0,49.0,0.0,1,0,0,1,0,0,0,1,1,0
6368,37.0,0.0,0.0,0.0,0.0,0.0,0,1,0,0,1,1,0,0,0,1
6369,33.0,0.0,0.0,0.0,0.0,0.0,0,1,0,0,1,1,0,0,1,0
6383,27.0,0.0,0.0,0.0,,0.0,0,0,1,0,1,0,0,1,1,0
6384,7.0,0.0,0.0,0.0,0.0,,0,0,1,1,0,0,0,1,1,0
6399,30.0,51.0,0.0,1373.0,0.0,5.0,0,0,1,1,0,0,1,0,1,0
6422,39.0,2167.0,30.0,1472.0,,0.0,0,1,0,1,0,0,0,1,1,0
6448,30.0,768.0,11.0,2010.0,0.0,0.0,0,0,1,1,0,0,0,1,1,0
6450,36.0,0.0,0.0,0.0,0.0,0.0,0,0,0,0,1,0,0,1,1,0
6455,28.0,944.0,0.0,0.0,0.0,75.0,1,0,0,1,0,0,0,1,0,0
6458,0.0,0.0,0.0,0.0,0.0,0.0,1,0,0,0,1,1,0,0,1,0
6464,15.0,0.0,532.0,29.0,0.0,163.0,1,0,0,1,0,0,0,1,1,0
6466,30.0,0.0,0.0,0.0,0.0,0.0,0,0,1,0,1,0,0,0,1,0
6473,2.0,0.0,0.0,0.0,0.0,0.0,1,0,0,0,1,0,0,1,1,0
6478,23.0,7.0,0.0,0.0,716.0,800.0,1,0,0,1,0,0,0,0,1,0
6479,23.0,0.0,0.0,0.0,0.0,,1,0,0,0,1,0,0,1,1,0
6480,43.0,0.0,0.0,0.0,0.0,0.0,0,0,1,0,1,0,0,1,1,0
6499,29.0,0.0,0.0,0.0,0.0,0.0,1,0,0,0,1,0,1,0,1,0
6502,9.0,0.0,0.0,0.0,0.0,0.0,1,0,0,1,0,0,0,1,1,0
6503,25.0,0.0,10.0,909.0,0.0,17.0,1,0,0,1,0,0,0,1,1,0
6506,27.0,69.0,2878.0,0.0,4232.0,3798.0,0,1,0,1,0,0,0,1,0,0
6507,32.0,0.0,0.0,0.0,0.0,0.0,0,1,0,0,1,0,0,1,1,0
6514,23.0,0.0,0.0,0.0,0.0,0.0,1,0,0,0,1,0,0,1,1,0
6518,53.0,0.0,0.0,0.0,0.0,0.0,0,0,1,1,0,0,0,1,1,0
6530,,473.0,0.0,575.0,0.0,0.0,0,0,1,1,0,0,0,1,1,0
6531,3.0,0.0,0.0,0.0,0.0,0.0,0,0,1,1,0,0,0,1,1,0
6537,16.0,501.0,974.0,1164.0,0.0,0.0,0,0,1,1,0,0,0,1,1,0
6541,15.0,0.0,0.0,0.0,938.0,44.0,1,0,0,1,0,0,0,1,1,0
6546,29.0,0.0,0.0,0.0,0.0,0.0,1,0,0,0,1,0,0,1,1,0
6547,60.0,0.0,960.0,46.0,854.0,17074.0,0,1,0,1,0,0,0,1,1,0
6548,49.0,173.0,0.0,18.0,580.0,1.0,1,0,0,1,0,0,0,1,1,0
6552,18.0,1988.0,0.0,95.0,0.0,0.0,0,0,1,1,0,0,0,0,1,0
6559,23.0,69.0,6101.0,0.0,0.0,214.0,0,1,0,1,0,0,0,1,1,0
6562,32.0,0.0,89.0,0.0,8330.0,1.0,0,1,0,1,0,0,0,1,1,0
6564,26.0,0.0,0.0,677.0,1.0,108.0,1,0,0,1,0,0,0,1,1,0
6565,43.0,1944.0,17.0,657.0,0.0,0.0,0,0,0,1,0,0,0,1,1,0
6569,32.0,0.0,0.0,0.0,0.0,0.0,1,0,0,0,1,0,0,1,1,0
6571,17.0,0.0,0.0,0.0,0.0,0.0,1,0,0,0,1,0,0,1,1,0
6576,8.0,0.0,0.0,0.0,0.0,0.0,1,0,0,0,1,0,0,1,1,0
6579,57.0,0.0,0.0,0.0,0.0,0.0,0,1,0,0,1,1,0,0,1,0
6591,22.0,969.0,47.0,23.0,134.0,0.0,0,0,0,1,0,0,0,1,1,0
6597,37.0,951.0,0.0,0.0,80.0,0.0,1,0,0,1,0,0,0,1,1,0
6600,20.0,0.0,,0.0,0.0,1318.0,1,0,0,1,0,0,1,0,1,0
6607,28.0,0.0,4173.0,0.0,33.0,420.0,0,1,0,1,0,1,0,0,1,0
6608,28.0,0.0,160.0,0.0,1538.0,1426.0,0,1,0,1,0,1,0,0,1,0
6619,26.0,1967.0,0.0,116.0,,0.0,0,0,1,1,0,0,0,1,1,0
6623,,0.0,0.0,0.0,0.0,0.0,1,0,0,0,1,0,0,1,1,0
6634,24.0,0.0,58.0,618.0,0.0,41.0,1,0,0,1,0,1,0,0,1,0
6643,16.0,0.0,17.0,1211.0,0.0,25.0,1,0,0,1,0,1,0,0,1,0
6655,26.0,0.0,0.0,0.0,0.0,0.0,1,0,0,0,1,0,0,1,1,0
6660,33.0,0.0,0.0,0.0,0.0,0.0,1,0,0,0,1,1,0,0,1,0
6665,23.0,26.0,266.0,404.0,0.0,0.0,1,0,0,1,0,0,0,1,0,0
6678,18.0,0.0,0.0,0.0,0.0,0.0,0,0,1,0,1,0,0,1,1,0
6679,48.0,0.0,0.0,,0.0,0.0,1,0,0,0,1,0,1,0,1,0
6696,45.0,0.0,0.0,0.0,0.0,595.0,1,0,0,1,0,0,1,0,1,0
6701,56.0,1.0,2.0,0.0,102.0,,1,0,0,1,0,0,1,0,1,0
6703,1.0,0.0,0.0,0.0,0.0,0.0,1,0,0,0,1,0,0,1,1,0
6709,44.0,143.0,47.0,0.0,717.0,87.0,1,0,0,1,0,0,0,1,1,0
6717,1.0,0.0,0.0,0.0,0.0,0.0,1,0,0,0,1,0,0,1,1,0
6721,32.0,0.0,0.0,0.0,0.0,0.0,1,0,0,0,1,0,0,1,1,0
6725,13.0,0.0,0.0,0.0,0.0,0.0,1,0,0,0,1,0,1,0,1,0
6729,27.0,0.0,44.0,4761.0,5.0,41.0,0,1,0,1,0,1,0,0,1,0
6730,14.0,0.0,3124.0,40.0,219.0,189.0,0,1,0,1,0,0,0,1,1,0
6732,33.0,0.0,16.0,12.0,2349.0,12.0,0,1,0,1,0,1,0,0,0,1
6736,42.0,159.0,4387.0,2.0,3.0,485.0,0,1,0,1,0,0,0,1,0,0
6756,44.0,0.0,4322.0,3.0,153.0,52.0,0,1,0,1,0,1,0,0,1,0
6763,22.0,0.0,0.0,1128.0,0.0,45.0,0,0,1,1,0,0,0,1,1,0
6775,,0.0,0.0,0.0,0.0,0.0,0,0,1,1,0,0,0,1,1,0
6782,33.0,0.0,3624.0,0.0,1537.0,498.0,0,1,0,1,0,0,0,1,1,0
6795,38.0,102.0,12.0,14.0,669.0,0.0,1,0,0,1,0,0,0,1,0,0
6797,38.0,0.0,338.0,0.0,453.0,0.0,1,0,0,1,0,0,0,1,1,0
6800,18.0,3.0,688.0,0.0,0.0,23.0,1,0,0,1,0,0,0,1,1,0
6803,44.0,0.0,0.0,16.0,72.0,4304.0,0,1,0,1,0,0,0,1,1,0
6805,2.0,0.0,0.0,0.0,0.0,0.0,0,1,0,1,0,0,0,1,1,0
6811,17.0,0.0,0.0,0.0,0.0,0.0,1,0,0,0,1,0,0,1,1,0
6820,38.0,622.0,1319.0,42.0,1.0,444.0,1,0,0,1,0,0,0,1,1,0
6831,2.0,0.0,0.0,0.0,0.0,0.0,0,1,0,0,1,0,0,1,1,0
6840,22.0,741.0,0.0,1028.0,0.0,0.0,0,0,1,1,0,0,0,1,1,0
6843,51.0,0.0,980.0,273.0,2775.0,419.0,0,1,0,1,0,0,0,1,1,0
6855,0.0,0.0,0.0,0.0,0.0,0.0,0,0,1,1,0,0,0,1,1,0
6857,22.0,100.0,0.0,1050.0,0.0,23.0,0,0,1,1,0,0,0,1,1,0
6858,26.0,0.0,896.0,0.0,690.0,1.0,0,1,0,1,0,0,0,1,1,0
6859,10.0,0.0,0.0,0.0,0.0,0.0,1,0,0,1,0,0,0,1,1,0
6865,22.0,401.0,0.0,196.0,0.0,126.0,1,0,0,1,0,0,0,1,1,0
6867,25.0,0.0,0.0,0.0,0.0,0.0,0,1,0,0,1,0,0,1,1,0
6868,35.0,0.0,0.0,0.0,0.0,0.0,0,1,0,1,0,0,0,1,1,0
6869,30.0,0.0,0.0,0.0,27.0,764.0,1,0,0,1,0,0,0,1,1,0
6870,37.0,0.0,0.0,0.0,0.0,0.0,1,0,0,0,1,0,0,1,1,0
6873,13.0,305.0,582.0,12.0,19.0,0.0,1,0,0,1,0,0,0,1,1,0
6880,17.0,,647.0,49.0,74.0,0.0,1,0,0,1,0,0,0,1,1,0
6881,36.0,0.0,0.0,0.0,0.0,0.0,1,0,0,0,1,0,1,0,1,0
6882,52.0,360.0,1314.0,8.0,641.0,66.0,0,1,0,1,0,1,0,0,1,0
6883,32.0,0.0,0.0,0.0,0.0,0.0,0,1,0,0,1,1,0,0,1,0
6888,21.0,,0.0,0.0,1.0,378.0,0,0,1,1,0,1,0,0,1,0
6894,33.0,728.0,0.0,285.0,0.0,0.0,0,0,1,1,0,0,0,1,1,0
6895,51.0,3.0,33.0,12.0,38.0,896.0,1,0,0,1,0,0,0,1,1,0
6899,39.0,19.0,102.0,0.0,678.0,0.0,1,0,0,1,0,0,0,1,1,0
6900,14.0,738.0,5.0,297.0,0.0,0.0,0,0,1,1,0,0,0,1,1,0
6906,31.0,0.0,,0.0,0.0,0.0,0,0,1,0,1,0,0,1,1,0
6909,27.0,15.0,2886.0,0.0,249.0,71.0,0,1,0,1,0,0,0,1,1,0
6910,47.0,2916.0,0.0,14.0,63.0,0.0,1,0,0,1,0,0,0,1,1,0
6921,33.0,0.0,2107.0,0.0,15586.0,473.0,0,1,0,1,0,0,0,0,1,0
6922,60.0,0.0,307.0,0.0,484.0,1967.0,0,1,0,1,0,0,0,1,1,0
6924,50.0,0.0,185.0,0.0,1.0,558.0,1,0,0,1,0,0,0,1,1,0
6925,22.0,0.0,0.0,1.0,95.0,605.0,1,0,0,1,0,0,0,1,1,0
6928,58.0,0.0,435.0,2.0,0.0,239.0,1,0,0,1,0,1,0,0,1,0
6929,48.0,0.0,,0.0,0.0,0.0,1,0,0,0,1,0,0,1,1,0
6933,58.0,0.0,1386.0,2.0,128.0,2577.0,0,1,0,1,0,0,0,1,1,0
6938,29.0,0.0,0.0,0.0,0.0,0.0,1,0,0,0,1,1,0,0,1,0
6939,23.0,0.0,0.0,0.0,0.0,0.0,0,1,0,0,1,1,0,0,0,0
6941,20.0,0.0,802.0,0.0,16.0,0.0,1,0,0,1,0,0,0,1,1,0
6943,21.0,2611.0,0.0,103.0,4.0,0.0,0,0,1,1,0,0,0,1,1,0
6956,32.0,0.0,0.0,0.0,,0.0,1,0,0,0,1,0,0,1,1,0
6958,40.0,0.0,0.0,0.0,7.0,782.0,1,0,0,1,0,0,0,0,1,0
6961,46.0,0.0,0.0,0.0,0.0,0.0,0,1,0,0,1,0,0,1,1,0
6966,35.0,0.0,0.0,0.0,0.0,0.0,0,1,0,0,1,0,1,0,1,0
6968,24.0,0.0,0.0,217.0,0.0,544.0,1,0,0,1,0,0,0,1,1,0
6970,16.0,0.0,1417.0,3.0,27.0,186.0,0,1,0,0,0,0,0,1,1,0
6976,41.0,85.0,804.0,0.0,0.0,0.0,1,0,0,1,0,0,0,1,1,0
6977,30.0,1110.0,0.0,439.0,5.0,0.0,1,0,0,1,0,0,0,1,1,0
6983,29.0,0.0,0.0,0.0,0.0,,1,0,0,0,1,0,0,1,1,0
6992,28.0,0.0,0.0,0.0,0.0,0.0,1,0,0,0,0,0,0,1,1,0
6994,47.0,0.0,0.0,0.0,0.0,0.0,0,1,0,0,1,0,0,1,1,0
6996,42.0,0.0,279.0,30.0,409.0,0.0,1,0,0,1,0,1,0,0,1,0
6998,17.0,0.0,0.0,0.0,0.0,0.0,1,0,0,0,1,0,1,0,1,0
7004,20.0,120.0,321.0,0.0,932.0,175.0,1,0,0,1,0,0,1,0,1,0
7006,48.0,0.0,0.0,0.0,0.0,0.0,0,1,0,0,1,0,0,1,1,0
7010,41.0,0.0,1616.0,0.0,758.0,400.0,0,1,0,1,0,1,0,0,1,0
7015,24.0,786.0,0.0,0.0,309.0,0.0,1,0,0,1,0,1,0,0,1,0
7016,35.0,0.0,0.0,0.0,0.0,0.0,0,1,0,0,1,0,0,1,1,0
7019,,0.0,0.0,0.0,0.0,,0,0,1,0,1,0,0,1,1,0
7038,68.0,523.0,0.0,859.0,201.0,782.0,0,0,1,1,0,0,0,1,0,1
7045,26.0,,0.0,0.0,0.0,0.0,0,1,0,0,1,0,0,1,1,0
7046,37.0,1577.0,11396.0,0.0,1014.0,560.0,0,1,0,1,0,0,0,1,1,0
7047,30.0,0.0,2.0,0.0,690.0,86.0,1,0,0,1,0,0,0,1,1,0
7048,51.0,511.0,0.0,291.0,4212.0,0.0,0,0,1,1,0,0,0,1,0,1
7050,3.0,0.0,0.0,0.0,0.0,0.0,0,0,1,0,1,0,0,1,1,0
7051,19.0,2110.0,0.0,0.0,0.0,1.0,1,0,0,1,0,0,0,1,1,0
7060,52.0,0.0,0.0,47.0,2059.0,0.0,1,0,0,1,0,0,0,1,1,0
7062,0.0,0.0,0.0,,0.0,0.0,0,0,1,1,0,0,0,1,1,0
7066,58.0,1366.0,257.0,0.0,0.0,311.0,1,0,0,1,0,0,0,1,1,0
7073,61.0,0.0,0.0,0.0,0.0,0.0,0,1,0,0,1,1,0,0,1,0
7078,12.0,0.0,0.0,0.0,0.0,0.0,1,0,0,1,0,1,0,0,1,0
7080,19.0,122.0,2.0,0.0,480.0,565.0,1,0,0,1,0,0,0,1,1,0
7086,54.0,118.0,0.0,0.0,669.0,0.0,1,0,0,1,0,0,0,1,1,0
7092,22.0,0.0,0.0,441.0,0.0,423.0,1,0,0,1,0,0,0,1,1,0
7094,18.0,388.0,182.0,0.0,66.0,140.0,1,0,0,1,0,0,0,1,1,0
7095,39.0,0.0,0.0,0.0,0.0,0.0,0,0,1,0,1,1,0,0,1,0
7107,23.0,30.0,2237.0,1.0,49.0,52.0,0,1,0,1,0,0,0,1,1,0
7110,14.0,653.0,0.0,4.0,0.0,0.0,1,0,0,1,0,1,0,0,1,0
7113,36.0,32.0,355.0,1826.0,9.0,0.0,0,0,1,1,0,0,0,1,1,0
7128,56.0,0.0,0.0,0.0,0.0,0.0,0,1,0,0,1,0,0,1,1,0
7131,17.0,214.0,552.0,0.0,241.0,0.0,1,0,0,1,0,0,0,1,1,0
7132,27.0,0.0,0.0,0.0,0.0,0.0,0,0,1,0,1,0,0,1,1,0
7139,40.0,0.0,0.0,0.0,0.0,0.0,0,1,0,0,1,1,0,0,1,0
7142,17.0,3651.0,0.0,2228.0,38.0,0.0,0,0,1,1,0,0,0,0,1,0
7143,35.0,0.0,0.0,0.0,0.0,0.0,0,1,0,0,1,1,0,0,1,0
7144,31.0,0.0,0.0,185.0,584.0,0.0,1,0,0,1,0,0,0,1,1,0
7152,48.0,0.0,172.0,115.0,1.0,645.0,1,0,0,1,0,1,0,0,1,0
7164,25.0,0.0,16016.0,1025.0,189.0,1037.0,0,1,0,1,0,1,0,0,1,0
7168,24.0,0.0,0.0,0.0,0.0,0.0,1,0,0,0,1,0,0,1,1,0
7194,0.0,0.0,0.0,0.0,0.0,0.0,1,0,0,1,0,0,0,1,1,0
7199,36.0,0.0,2979.0,0.0,68.0,347.0,0,1,0,1,0,0,0,1,1,0
7214,18.0,110.0,103.0,471.0,11.0,1.0,1,0,0,1,0,0,0,1,1,0
7217,27.0,118.0,1769.0,4127.0,118.0,619.0,0,1,0,1,0,0,0,1,1,0
7223,49.0,0.0,0.0,0.0,0.0,0.0,0,1,0,0,1,1,0,0,1,0
7225,26.0,0.0,0.0,0.0,0.0,0.0,0,0,1,0,1,0,0,1,1,0
7226,53.0,0.0,0.0,754.0,46.0,0.0,1,0,0,1,0,1,0,0,1,0
7230,33.0,0.0,0.0,0.0,436.0,224.0,1,0,0,1,0,1,0,0,1,0
7231,27.0,0.0,9.0,0.0,40.0,7621.0,0,1,0,1,0,0,0,1,1,0
7240,18.0,0.0,0.0,0.0,0.0,0.0,0,0,1,0,1,0,0,1,1,0
7242,19.0,0.0,4534.0,0.0,617.0,1156.0,0,1,0,1,0,0,0,1,1,0
7245,41.0,688.0,31.0,1880.0,0.0,,0,0,1,1,0,0,0,1,1,0
7256,43.0,0.0,8948.0,0.0,153.0,872.0,0,1,0,1,0,0,0,1,1,0
7260,14.0,325.0,0.0,19.0,506.0,2.0,1,0,0,1,0,1,0,0,0,0
7264,20.0,98.0,499.0,0.0,142.0,52.0,1,0,0,1,0,0,0,1,1,0
7273,34.0,1199.0,33.0,346.0,0.0,0.0,0,0,1,1,0,0,0,1,1,0
7274,17.0,0.0,0.0,0.0,0.0,0.0,0,0,1,0,1,0,0,1,1,0
7279,28.0,0.0,0.0,0.0,0.0,0.0,0,0,1,0,1,0,0,1,1,0
7283,18.0,0.0,0.0,0.0,0.0,0.0,0,1,0,0,1,0,0,1,1,0
7289,64.0,19.0,261.0,208.0,0.0,214.0,1,0,0,1,0,1,0,0,1,0
7294,33.0,166.0,634.0,419.0,201.0,1178.0,0,0,1,1,0,0,0,1,1,0
7299,26.0,0.0,79.0,53.0,,0.0,1,0,0,1,0,0,0,1,1,0
7302,22.0,769.0,0.0,0.0,1.0,729.0,1,0,0,1,0,0,0,1,0,0
7303,26.0,1333.0,0.0,50.0,0.0,0.0,0,0,1,1,0,0,0,1,1,0
7311,28.0,0.0,0.0,0.0,0.0,0.0,1,0,0,0,1,0,0,1,1,0
7316,0.0,0.0,0.0,0.0,0.0,0.0,0,0,0,1,0,0,0,1,1,0
7322,28.0,0.0,0.0,0.0,0.0,0.0,1,0,0,0,1,0,1,0,1,0
7324,35.0,0.0,0.0,0.0,0.0,0.0,0,1,0,0,1,0,0,1,1,0
7325,20.0,0.0,0.0,0.0,0.0,0.0,1,0,0,1,0,0,0,1,1,0
7326,18.0,328.0,0.0,0.0,24.0,309.0,1,0,0,1,0,0,1,0,1,0
7332,34.0,0.0,9.0,617.0,0.0,281.0,1,0,0,1,0,0,0,1,1,0
7335,22.0,558.0,63.0,0.0,0.0,0.0,1,0,0,1,0,0,0,1,1,0
7337,46.0,0.0,0.0,0.0,0.0,0.0,0,0,1,0,1,0,0,1,1,0
7345,40.0,634.0,60.0,134.0,0.0,0.0,1,0,0,1,0,0,0,1,1,0
7352,41.0,0.0,0.0,0.0,0.0,0.0,0,1,0,0,1,1,0,0,1,0
7355,37.0,0.0,0.0,0.0,0.0,0.0,0,1,0,0,1,0,0,1,1,0
7356,18.0,0.0,0.0,0.0,0.0,0.0,1,0,0,0,1,0,0,1,1,0
7361,1.0,0.0,0.0,0.0,0.0,0.0,1,0,0,0,1,0,0,1,1,0
7365,26.0,0.0,0.0,0.0,0.0,0.0,0,1,0,0,1,1,0,0,1,0
7371,10.0,0.0,0.0,0.0,0.0,0.0,1,0,0,1,0,0,0,1,1,0
7380,16.0,0.0,0.0,0.0,0.0,0.0,1,0,0,0,1,0,0,1,1,0
7384,29.0,46.0,68.0,589.0,88.0,0.0,1,0,0,1,0,1,0,0,1,0
7386,43.0,0.0,0.0,0.0,0.0,0.0,0,1,0,0,1,1,0,0,0,0
7387,69.0,0.0,0.0,0.0,0.0,0.0,1,0,0,0,1,0,0,1,1,0
7391,60.0,0.0,0.0,0.0,0.0,0.0,1,0,0,0,0,0,0,1,1,0
7393,49.0,0.0,0.0,0.0,0.0,0.0,1,0,0,0,1,0,0,1,1,0
7394,23.0,1.0,700.0,0.0,7.0,136.0,1,0,0,1,0,0,0,1,1,0
7397,26.0,485.0,8.0,3958.0,0.0,0.0,1,0,0,1,0,0,0,1,1,0
7403,30.0,4.0,637.0,0.0,0.0,3.0,1,0,0,1,0,0,0,0,1,0
7405,23.0,0.0,0.0,0.0,0.0,0.0,1,0,0,0,1,0,0,1,1,0
7407,47.0,397.0,0.0,321.0,0.0,5.0,1,0,0,1,0,0,0,1,1,0
7412,39.0,3030.0,79.0,0.0,0.0,0.0,1,0,0,1,0,0,0,1,1,0
7418,21.0,7.0,0.0,622.0,0.0,0.0,1,0,0,1,0,0,0,1,1,0
7424,40.0,580.0,0.0,447.0,6.0,0.0,1,0,0,1,0,0,0,1,1,0
7425,41.0,0.0,116.0,10705.0,9181.0,10.0,0,1,0,1,0,0,0,1,1,0
7428,15.0,31.0,804.0,1.0,4732.0,2577.0,0,1,0,1,0,0,0,1,1,0
7429,39.0,0.0,0.0,0.0,0.0,0.0,0,1,0,0,1,0,0,1,1,0
7431,24.0,0.0,0.0,604.0,0.0,91.0,1,0,0,1,0,0,1,0,1,0
7449,33.0,0.0,0.0,0.0,0.0,0.0,0,1,0,0,1,1,0,0,1,0
7450,35.0,,246.0,25.0,42.0,3730.0,0,1,0,1,0,0,0,1,1,0
7453,,0.0,36.0,89.0,948.0,927.0,0,1,0,1,0,0,0,1,1,0
7454,13.0,0.0,0.0,0.0,0.0,0.0,1,0,0,0,1,0,1,0,1,0
7462,23.0,649.0,0.0,622.0,0.0,0.0,0,0,1,1,0,0,0,1,1,0
7464,18.0,1969.0,0.0,310.0,0.0,0.0,1,0,0,1,0,0,0,1,0,0
7471,47.0,0.0,0.0,0.0,0.0,0.0,0,1,0,0,1,1,0,0,0,1
7478,7.0,0.0,0.0,0.0,0.0,0.0,0,0,1,1,0,0,0,1,1,0
7484,26.0,0.0,0.0,1.0,886.0,0.0,1,0,0,1,0,0,0,1,1,0
7495,54.0,0.0,0.0,5.0,1268.0,26.0,1,0,0,1,0,0,0,1,1,0
7496,18.0,0.0,0.0,0.0,0.0,0.0,0,0,1,0,1,0,0,1,1,0
7500,26.0,0.0,0.0,0.0,0.0,0.0,0,1,0,0,1,0,0,1,1,0
7502,29.0,0.0,0.0,0.0,0.0,0.0,0,1,0,1,0,0,0,1,1,0
7509,25.0,0.0,0.0,0.0,0.0,0.0,0,1,0,0,1,0,0,1,1,0
7511,18.0,0.0,0.0,0.0,0.0,0.0,0,0,1,0,1,0,0,1,1,0
7514,51.0,172.0,350.0,0.0,16.0,1005.0,1,0,0,1,0,0,0,1,1,0
7517,,0.0,0.0,0.0,0.0,0.0,0,1,0,0,1,1,0,0,1,0
7532,52.0,,0.0,262.0,1425.0,571.0,0,0,1,1,0,1,0,0,1,0
7536,65.0,0.0,0.0,0.0,0.0,0.0,0,1,0,0,1,0,0,1,1,0
7541,37.0,0.0,0.0,0.0,0.0,0.0,0,0,1,0,1,0,0,1,1,0
7546,23.0,0.0,0.0,0.0,0.0,0.0,0,0,1,0,1,0,0,1,1,0
7548,20.0,0.0,52.0,0.0,110.0,614.0,1,0,0,1,0,0,0,1,1,0
7552,35.0,0.0,5500.0,0.0,180.0,3173.0,0,1,0,1,0,1,0,0,1,0
7554,43.0,1.0,2060.0,,1.0,2764.0,0,1,0,1,0,1,0,0,1,0
7562,18.0,595.0,134.0,7.0,0.0,0.0,1,0,0,1,0,0,0,1,1,0
7570,29.0,18.0,7.0,0.0,0.0,779.0,1,0,0,1,0,0,0,1,1,0
7571,31.0,0.0,4655.0,135.0,2075.0,402.0,0,1,0,1,0,0,0,1,1,0
7572,33.0,0.0,,0.0,0.0,0.0,0,1,0,0,1,1,0,0,0,1
7580,30.0,4.0,0.0,442.0,2441.0,0.0,1,0,0,1,0,0,0,1,1,0
7583,49.0,0.0,0.0,0.0,0.0,0.0,1,0,0,0,1,1,0,0,1,0
7588,40.0,0.0,0.0,0.0,0.0,0.0,0,1,0,0,1,0,0,1,1,0
7591,24.0,0.0,809.0,0.0,4928.0,143.0,0,1,0,1,0,0,0,1,1,0
7598,25.0,0.0,0.0,,0.0,0.0,1,0,0,0,1,0,0,1,1,0
7605,13.0,0.0,0.0,0.0,0.0,0.0,1,0,0,0,1,1,0,0,1,0
7606,4.0,0.0,0.0,0.0,0.0,0.0,1,0,0,1,0,0,0,1,1,0
7609,39.0,44.0,1620.0,0.0,6.0,0.0,1,0,0,1,0,0,0,1,1,0
7610,23.0,0.0,0.0,0.0,0.0,0.0,1,0,0,0,1,0,0,1,1,0
7611,4.0,0.0,0.0,0.0,0.0,0.0,1,0,0,1,0,1,0,0,1,0
7614,27.0,831.0,0.0,0.0,867.0,20.0,0,0,1,1,0,0,0,1,1,0
7621,24.0,0.0,0.0,0.0,0.0,0.0,1,0,0,0,1,0,1,0,1,0
7633,26.0,0.0,0.0,0.0,0.0,0.0,1,0,0,0,1,0,1,0,1,0
7651,,279.0,11.0,40.0,718.0,0.0,0,0,1,1,0,0,0,1,1,0
7653,32.0,7.0,723.0,,6.0,13.0,1,0,0,1,0,1,0,0,1,0
7658,18.0,0.0,858.0,2.0,,0.0,1,0,0,1,0,0,0,1,1,0
7665,31.0,116.0,,298.0,2.0,227.0,1,0,0,1,0,0,0,1,1,0
7673,43.0,0.0,0.0,0.0,0.0,0.0,0,1,0,0,1,1,0,0,1,0
7683,39.0,19.0,3603.0,0.0,421.0,517.0,0,1,0,1,0,0,0,1,1,0
7684,36.0,0.0,8151.0,5.0,0.0,8182.0,0,1,0,1,0,1,0,0,1,0
7689,30.0,209.0,157.0,2566.0,171.0,472.0,0,1,0,1,0,0,0,1,1,0
7691,40.0,0.0,0.0,0.0,0.0,0.0,0,0,1,0,1,0,0,1,1,0
7693,57.0,6.0,510.0,372.0,0.0,0.0,1,0,0,1,0,0,0,1,1,0
7696,29.0,487.0,0.0,60.0,12.0,0.0,1,0,0,1,0,0,1,0,1,0
7702,18.0,3.0,0.0,3.0,1773.0,0.0,1,0,0,0,0,0,0,1,1,0
7703,29.0,0.0,5157.0,1.0,136.0,32.0,0,1,0,1,0,0,0,1,1,0
7707,31.0,0.0,0.0,0.0,0.0,0.0,1,0,0,0,1,0,0,1,1,0
7708,15.0,85.0,0.0,1130.0,0.0,248.0,0,0,1,1,0,0,0,1,1,0
7715,65.0,0.0,0.0,113.0,208.0,587.0,1,0,0,1,0,0,0,1,1,0
7716,19.0,5.0,666.0,0.0,123.0,440.0,1,0,0,1,0,0,0,1,1,0
7726,27.0,1007.0,0.0,0.0,9.0,0.0,1,0,0,1,0,0,0,1,1,0
7727,23.0,0.0,2984.0,23.0,686.0,173.0,0,1,0,1,0,0,0,1,1,0
7732,11.0,0.0,0.0,0.0,0.0,0.0,1,0,0,0,0,0,0,1,1,0
7734,,0.0,0.0,0.0,0.0,0.0,0,0,1,0,1,0,0,1,1,0
7743,18.0,0.0,0.0,0.0,0.0,0.0,1,0,0,0,1,0,0,1,1,0
7744,10.0,0.0,0.0,0.0,0.0,0.0,1,0,0,0,1,0,0,1,1,0
7745,29.0,304.0,0.0,48.0,946.0,0.0,0,0,1,1,0,0,0,1,1,0
7748,19.0,0.0,3.0,0.0,918.0,2346.0,0,1,0,1,0,0,0,1,1,0
7749,38.0,86.0,1144.0,783.0,0.0,0.0,0,0,1,1,0,0,0,1,1,0
7751,0.0,0.0,0.0,0.0,0.0,0.0,0,0,1,1,0,0,0,1,1,0
7773,27.0,0.0,,0.0,1866.0,676.0,0,1,0,1,0,0,0,0,1,0
7774,28.0,1722.0,5063.0,0.0,87.0,920.0,0,1,0,1,0,0,0,1,1,0
7775,0.0,0.0,0.0,0.0,0.0,0.0,1,0,0,1,0,0,0,1,1,0
7777,23.0,218.0,0.0,2267.0,497.0,0.0,0,0,1,1,0,1,0,0,1,0
7794,24.0,0.0,0.0,729.0,,75.0,1,0,0,1,0,0,0,1,1,0
7796,23.0,0.0,0.0,0.0,0.0,693.0,1,0,0,1,0,0,0,1,1,0
7804,39.0,799.0,0.0,0.0,4.0,0.0,1,0,0,1,0,0,0,1,1,0
7816,48.0,0.0,,0.0,408.0,293.0,0,1,0,1,0,0,0,1,1,0
7819,27.0,1403.0,169.0,1081.0,0.0,0.0,1,0,0,1,0,0,0,1,1,0
7823,18.0,0.0,0.0,1792.0,16.0,248.0,1,0,0,1,0,0,1,0,1,0
7842,61.0,0.0,0.0,0.0,0.0,0.0,0,0,1,0,1,0,0,1,1,0
7851,24.0,462.0,0.0,0.0,0.0,240.0,1,0,0,1,0,0,0,1,1,0
7852,25.0,0.0,0.0,0.0,0.0,0.0,1,0,0,0,1,0,1,0,1,0
7858,3.0,0.0,0.0,0.0,0.0,0.0,1,0,0,0,1,0,0,1,1,0
7859,8.0,0.0,0.0,0.0,0.0,0.0,1,0,0,1,0,0,0,1,0,0
7867,21.0,163.0,146.0,54.0,245.0,95.0,1,0,0,1,0,0,0,1,1,0
7870,22.0,2.0,104.0,404.0,0.0,0.0,1,0,0,1,0,0,1,0,1,0
7871,15.0,0.0,0.0,0.0,0.0,0.0,0,1,0,0,1,0,0,1,1,0
7878,21.0,1214.0,179.0,566.0,,619.0,0,0,1,1,0,0,0,1,1,0
7886,18.0,0.0,0.0,0.0,206.0,2684.0,0,1,0,1,0,0,0,1,1,0
7890,27.0,1.0,30.0,739.0,0.0,33.0,1,0,0,1,0,0,0,1,1,0
7900,32.0,725.0,0.0,1641.0,0.0,0.0,0,0,1,1,0,0,0,1,1,0
7901,16.0,0.0,0.0,0.0,0.0,0.0,1,0,0,0,1,1,0,0,1,0
7912,40.0,0.0,0.0,0.0,0.0,0.0,0,1,0,0,1,1,0,0,1,0
7917,57.0,0.0,4301.0,31.0,665.0,6329.0,0,1,0,1,0,1,0,0,1,0
7919,19.0,0.0,0.0,0.0,0.0,0.0,0,1,0,0,1,1,0,0,1,0
7922,26.0,1.0,5610.0,0.0,5.0,119.0,0,1,0,1,0,0,0,1,0,1
7932,23.0,0.0,0.0,0.0,0.0,0.0,1,0,0,0,1,1,0,0,1,0
7933,31.0,8243.0,280.0,0.0,3220.0,2285.0,0,1,0,0,0,1,0,0,0,1
7939,27.0,244.0,0.0,492.0,297.0,23.0,0,0,1,1,0,0,0,1,1,0
7945,47.0,0.0,0.0,0.0,0.0,0.0,1,0,0,0,1,1,0,0,1,0
7947,19.0,0.0,0.0,0.0,0.0,0.0,1,0,0,0,1,0,0,1,1,0
7959,18.0,0.0,0.0,0.0,0.0,0.0,0,1,0,0,1,1,0,0,1,0
7964,2.0,0.0,0.0,0.0,0.0,0.0,0,0,1,0,1,0,0,1,1,0
7965,0.0,0.0,0.0,0.0,0.0,0.0,0,0,1,1,0,0,0,1,1,0
7967,51.0,590.0,28.0,73.0,0.0,82.0,1,0,0,1,0,0,1,0,1,0
7970,20.0,,0.0,0.0,327.0,0.0,1,0,0,1,0,0,0,1,1,0
7977,23.0,348.0,210.0,0.0,0.0,1.0,1,0,0,1,0,1,0,0,1,0
7984,45.0,1093.0,950.0,341.0,0.0,0.0,0,0,1,1,0,0,0,1,0,1
7985,33.0,1914.0,5.0,0.0,0.0,228.0,0,0,1,1,0,1,0,0,1,0
7991,53.0,0.0,847.0,,630.0,2060.0,0,1,0,1,0,0,0,1,1,0
8000,3.0,0.0,0.0,0.0,0.0,0.0,0,0,1,1,0,0,0,1,1,0
8007,26.0,5757.0,0.0,206.0,0.0,0.0,0,0,1,1,0,0,0,1,1,0
8018,25.0,0.0,0.0,0.0,0.0,0.0,0,1,0,0,1,0,0,1,0,1
8020,22.0,4.0,0.0,72.0,21.0,600.0,1,0,0,1,0,0,0,1,1,0
8021,50.0,748.0,164.0,269.0,0.0,0.0,0,0,1,1,0,0,0,1,1,0
8024,59.0,0.0,0.0,0.0,0.0,0.0,0,0,1,0,1,0,0,1,1,0
8027,37.0,210.0,3.0,601.0,1.0,68.0,1,0,0,1,0,0,0,1,1,0
8028,22.0,0.0,0.0,0.0,0.0,0.0,0,0,1,0,1,0,0,1,1,0
8030,25.0,0.0,0.0,0.0,0.0,0.0,0,1,0,0,1,1,0,0,1,0
8042,67.0,0.0,82.0,0.0,2279.0,293.0,0,1,0,1,0,0,0,1,1,0
8053,24.0,2.0,644.0,0.0,0.0,0.0,1,0,0,1,0,1,0,0,1,0
8056,23.0,4.0,3.0,1785.0,0.0,0.0,1,0,0,1,0,0,0,1,1,0
8059,43.0,27.0,0.0,797.0,830.0,161.0,0,0,1,1,0,0,0,1,1,0
8063,16.0,0.0,0.0,0.0,0.0,0.0,0,1,0,0,1,0,0,1,1,0
8081,4.0,0.0,0.0,0.0,0.0,0.0,1,0,0,1,0,0,0,1,1,0
8083,21.0,0.0,0.0,0.0,0.0,0.0,0,0,1,0,1,0,0,1,1,0
8085,50.0,133.0,0.0,525.0,0.0,31.0,1,0,0,1,0,0,0,0,1,0
8086,3.0,0.0,0.0,0.0,0.0,0.0,0,0,1,1,0,0,0,1,1,0
8093,23.0,1.0,26.0,1908.0,318.0,0.0,1,0,0,1,0,1,0,0,1,0
8095,32.0,0.0,1285.0,0.0,3030.0,334.0,0,1,0,1,0,0,0,1,1,0
8100,35.0,777.0,0.0,23.0,0.0,61.0,1,0,0,1,0,0,0,1,1,0
8110,40.0,0.0,0.0,0.0,0.0,0.0,1,0,0,0,1,1,0,0,0,0
8116,31.0,949.0,0.0,22.0,0.0,0.0,1,0,0,1,0,0,0,1,1,0
8117,8.0,0.0,0.0,0.0,0.0,0.0,1,0,0,1,0,0,0,1,1,0
8118,55.0,506.0,0.0,456.0,0.0,0.0,1,0,0,1,0,0,0,1,1,0
8127,1.0,0.0,0.0,0.0,0.0,0.0,0,0,1,1,0,0,0,1,1,0
8132,24.0,0.0,,594.0,95.0,0.0,1,0,0,1,0,0,0,1,1,0
8138,8.0,0.0,0.0,0.0,0.0,0.0,1,0,0,0,1,0,0,1,1,0
8143,44.0,84.0,0.0,308.0,0.0,1179.0,1,0,0,1,0,0,0,1,1,0
8146,28.0,679.0,0.0,0.0,0.0,0.0,1,0,0,1,0,0,1,0,1,0
8153,33.0,0.0,3076.0,0.0,3.0,994.0,0,1,0,1,0,0,0,1,0,1
8159,36.0,2002.0,0.0,10.0,87.0,0.0,0,0,1,1,0,0,0,1,1,0
8160,38.0,32.0,1163.0,0.0,52.0,1935.0,1,0,0,1,0,0,0,1,1,0
8164,23.0,1254.0,0.0,45.0,0.0,0.0,1,0,0,1,0,0,0,1,1,0
8167,32.0,0.0,0.0,0.0,0.0,0.0,1,0,0,0,1,0,1,0,1,0
8169,62.0,0.0,592.0,164.0,0.0,0.0,1,0,0,1,0,0,0,1,1,0
8173,,22.0,226.0,0.0,0.0,633.0,1,0,0,1,0,0,0,1,1,0
8186,35.0,2758.0,0.0,1.0,0.0,0.0,0,0,1,1,0,0,0,1,1,0
8193,25.0,520.0,0.0,139.0,0.0,77.0,0,0,1,1,0,0,0,1,1,0
8199,44.0,1.0,0.0,2080.0,11.0,0.0,0,0,1,1,0,0,0,1,1,0
8200,6.0,0.0,0.0,0.0,0.0,0.0,1,0,0,1,0,0,0,1,1,0
8201,0.0,0.0,0.0,0.0,0.0,0.0,1,0,0,0,1,0,0,1,1,0
8203,37.0,0.0,0.0,11.0,1028.0,7.0,1,0,0,1,0,0,0,1,1,0
8209,53.0,0.0,1127.0,0.0,3939.0,,0,1,0,1,0,1,0,0,1,0
8210,29.0,257.0,0.0,782.0,8.0,3.0,0,0,1,1,0,0,0,1,1,0
8211,24.0,0.0,0.0,0.0,0.0,0.0,1,0,0,0,1,0,0,1,1,0
8213,21.0,2.0,,0.0,634.0,0.0,1,0,0,1,0,1,0,0,1,0
8220,4.0,0.0,0.0,0.0,0.0,0.0,1,0,0,1,0,0,0,1,1,0
8222,20.0,11.0,0.0,0.0,843.0,0.0,1,0,0,1,0,0,0,1,1,0
8233,14.0,0.0,1427.0,148.0,0.0,7.0,1,0,0,1,0,0,0,1,1,0
8235,3.0,0.0,0.0,0.0,0.0,0.0,1,0,0,0,1,1,0,0,1,0
8240,29.0,0.0,0.0,0.0,0.0,0.0,0,1,0,0,1,0,0,1,1,0
8242,32.0,81.0,0.0,1363.0,0.0,0.0,0,0,1,1,0,0,0,1,1,0
8244,38.0,0.0,2532.0,0.0,204.0,0.0,1,0,0,1,0,0,0,1,1,0
8265,25.0,1369.0,310.0,3.0,4502.0,377.0,0,1,0,1,0,1,0,0,1,0
8266,46.0,1384.0,229.0,0.0,1572.0,1.0,0,1,0,1,0,0,0,1,1,0
8267,37.0,88.0,0.0,719.0,88.0,0.0,1,0,0,1,0,1,0,0,1,0
8274,,0.0,0.0,0.0,0.0,0.0,1,0,0,0,1,0,0,1,1,0
8275,26.0,903.0,0.0,182.0,0.0,27.0,1,0,0,1,0,0,0,1,1,0
8277,18.0,0.0,181.0,628.0,0.0,0.0,1,0,0,1,0,0,0,1,0,0
8285,19.0,1037.0,0.0,40.0,0.0,0.0,0,0,0,1,0,0,0,1,1,0
8289,41.0,22.0,484.0,354.0,0.0,0.0,0,0,1,1,0,0,0,1,0,1
8296,21.0,0.0,0.0,0.0,0.0,0.0,0,0,1,0,1,0,0,1,1,0
8298,32.0,0.0,2583.0,3.0,500.0,129.0,0,1,0,1,0,0,0,1,1,0
8301,,0.0,0.0,0.0,0.0,0.0,0,1,0,0,1,0,0,1,1,0
8302,28.0,0.0,0.0,0.0,0.0,0.0,0,1,0,0,1,1,0,0,1,0
8304,24.0,0.0,784.0,5.0,0.0,1.0,1,0,0,1,0,1,0,0,1,0
8306,24.0,121.0,10.0,341.0,307.0,47.0,1,0,0,1,0,0,0,1,1,0
8309,39.0,0.0,798.0,0.0,56.0,0.0,1,0,0,1,0,0,0,1,1,0
8310,31.0,0.0,0.0,0.0,0.0,0.0,1,0,0,0,1,0,0,1,1,0
8313,23.0,0.0,0.0,0.0,0.0,0.0,0,0,1,0,1,0,0,1,1,0
8319,8.0,0.0,0.0,0.0,0.0,0.0,0,0,0,1,0,0,0,1,1,0
8321,29.0,876.0,1.0,54.0,125.0,0.0,0,0,1,1,0,0,0,1,1,0
8322,58.0,0.0,0.0,620.0,0.0,0.0,1,0,0,1,0,1,0,0,1,0
8323,4.0,0.0,0.0,0.0,0.0,0.0,1,0,0,0,1,0,0,1,1,0
8324,1.0,0.0,0.0,0.0,0.0,0.0,1,0,0,1,0,0,1,0,1,0
8329,28.0,0.0,16.0,496.0,318.0,0.0,1,0,0,1,0,0,0,1,1,0
8337,18.0,0.0,0.0,0.0,0.0,810.0,1,0,0,1,0,0,0,1,1,0
8350,23.0,0.0,471.0,120.0,13.0,6.0,1,0,0,1,0,0,1,0,1,0
8355,24.0,0.0,0.0,0.0,0.0,0.0,1,0,0,0,1,0,1,0,1,0
8358,37.0,528.0,0.0,1598.0,62.0,0.0,0,0,1,1,0,0,0,1,1,0
8360,36.0,0.0,3423.0,0.0,466.0,349.0,0,1,0,1,0,0,0,1,1,0
8361,0.0,,0.0,0.0,0.0,0.0,1,0,0,0,1,0,1,0,1,0
8365,21.0,3036.0,32.0,0.0,2.0,416.0,0,1,0,1,0,0,0,1,0,0
8369,73.0,1806.0,0.0,47.0,0.0,0.0,1,0,0,1,0,0,1,0,1,0
8370,31.0,0.0,1524.0,0.0,0.0,0.0,1,0,0,1,0,0,0,1,1,0
8372,20.0,0.0,0.0,0.0,0.0,0.0,1,0,0,0,1,0,0,0,1,0
8376,22.0,0.0,29.0,165.0,404.0,0.0,1,0,0,1,0,0,1,0,1,0
8378,26.0,0.0,0.0,0.0,0.0,741.0,1,0,0,1,0,0,0,1,1,0
8380,1.0,,0.0,0.0,0.0,0.0,1,0,0,0,1,0,0,1,1,0
8382,4.0,0.0,0.0,0.0,0.0,0.0,1,0,0,1,0,0,0,1,1,0
8387,18.0,0.0,0.0,0.0,0.0,0.0,0,0,1,0,1,0,0,1,1,0
8390,51.0,0.0,0.0,0.0,0.0,0.0,0,1,0,0,1,0,0,1,1,0
8394,13.0,0.0,0.0,0.0,0.0,0.0,1,0,0,0,1,0,0,1,1,0
8395,35.0,503.0,236.0,2.0,0.0,68.0,1,0,0,1,0,0,0,1,1,0
8397,35.0,1.0,0.0,0.0,0.0,803.0,1,0,0,1,0,0,0,1,1,0
8399,53.0,24.0,0.0,1105.0,0.0,0.0,0,0,1,1,0,0,0,1,1,0
8409,0.0,0.0,0.0,0.0,0.0,0.0,1,0,0,0,1,1,0,0,1,0
8412,17.0,,0.0,0.0,0.0,0.0,1,0,0,0,1,0,0,1,1,0
8429,20.0,0.0,0.0,0.0,0.0,0.0,0,1,0,0,1,1,0,0,1,0
8434,19.0,0.0,0.0,0.0,0.0,0.0,1,0,0,0,1,0,1,0,1,0
8438,21.0,128.0,108.0,8.0,3.0,522.0,1,0,0,1,0,0,0,1,1,0
8448,18.0,0.0,1.0,0.0,618.0,21.0,1,0,0,1,0,0,0,1,1,0
8455,51.0,0.0,0.0,689.0,0.0,32.0,1,0,0,0,0,0,0,1,1,0
8461,33.0,0.0,1876.0,0.0,1432.0,14.0,0,1,0,1,0,0,0,1,1,0
8463,21.0,0.0,0.0,0.0,0.0,0.0,1,0,0,0,1,0,1,0,1,0
8474,33.0,1006.0,0.0,1357.0,45.0,6.0,1,0,0,1,0,1,0,0,1,0
8490,30.0,160.0,0.0,719.0,162.0,0.0,0,0,1,1,0,0,0,1,1,0
8501,32.0,0.0,0.0,0.0,0.0,0.0,1,0,0,0,0,0,0,1,1,0
8510,9.0,0.0,0.0,0.0,0.0,0.0,1,0,0,1,0,0,0,1,1,0
8511,48.0,0.0,586.0,784.0,4.0,21.0,1,0,0,1,0,0,0,1,1,0
8515,25.0,1258.0,0.0,22.0,19.0,0.0,0,0,0,1,0,0,0,1,1,0
8521,43.0,0.0,704.0,0.0,2.0,0.0,1,0,0,1,0,0,0,1,1,0
8522,34.0,0.0,0.0,0.0,0.0,0.0,0,0,1,0,1,0,0,1,1,0
8530,44.0,0.0,0.0,0.0,0.0,0.0,1,0,0,0,1,0,0,1,1,0
8540,16.0,0.0,0.0,0.0,0.0,0.0,1,0,0,0,1,0,0,1,1,0
8547,26.0,0.0,749.0,20.0,0.0,0.0,1,0,0,1,0,0,1,0,1,0
8553,23.0,0.0,0.0,0.0,0.0,0.0,0,1,0,0,1,0,0,1,1,0
8558,35.0,3.0,1376.0,11.0,0.0,360.0,0,0,1,1,0,0,0,1,1,0
8561,56.0,0.0,0.0,0.0,0.0,0.0,0,1,0,0,1,0,0,1,1,0
8567,22.0,0.0,36.0,1.0,3761.0,4521.0,0,1,0,1,0,1,0,0,1,0
8572,36.0,0.0,281.0,0.0,0.0,632.0,1,0,0,1,0,0,0,1,1,0
8576,31.0,0.0,522.0,0.0,54.0,332.0,1,0,0,1,0,0,0,1,1,0
8579,30.0,0.0,0.0,0.0,0.0,0.0,0,1,0,0,1,1,0,0,0,1
8583,36.0,0.0,0.0,,0.0,0.0,1,0,0,0,1,0,0,1,1,0
8593,33.0,0.0,688.0,2.0,0.0,426.0,1,0,0,1,0,0,1,0,1,0
8595,32.0,0.0,10073.0,0.0,168.0,337.0,0,1,0,1,0,1,0,0,1,0
8612,35.0,0.0,0.0,0.0,0.0,0.0,1,0,0,0,0,0,1,0,1,0
8619,23.0,381.0,794.0,52.0,654.0,1317.0,0,1,0,1,0,0,0,1,1,0
8627,22.0,0.0,0.0,0.0,0.0,0.0,0,0,1,0,1,1,0,0,1,0
8629,15.0,0.0,0.0,0.0,0.0,0.0,0,1,0,0,1,0,0,1,1,0
8630,52.0,0.0,0.0,0.0,0.0,0.0,0,1,0,0,1,0,0,1,0,0
8631,35.0,0.0,0.0,0.0,0.0,0.0,1,0,0,0,1,0,0,1,1,0
8634,24.0,0.0,90.0,0.0,795.0,0.0,1,0,0,1,0,0,0,1,1,0
8638,51.0,6.0,0.0,0.0,0.0,1164.0,1,0,0,1,0,0,0,1,1,0
8639,25.0,2.0,45.0,45.0,0.0,815.0,1,0,0,1,0,0,0,1,1,0
8649,1.0,0.0,0.0,0.0,0.0,0.0,1,0,0,0,1,0,1,0,1,0
8650,0.0,0.0,0.0,0.0,0.0,0.0,1,0,0,0,1,0,0,1,1,0
8651,8.0,0.0,0.0,0.0,0.0,0.0,1,0,0,0,0,0,0,1,1,0
8653,2.0,0.0,0.0,0.0,0.0,0.0,0,0,1,0,1,1,0,0,1,0
8658,30.0,8.0,752.0,0.0,0.0,687.0,1,0,0,1,0,0,0,1,1,0
8659,37.0,0.0,0.0,0.0,0.0,0.0,1,0,0,0,1,0,0,1,1,0
8664,32.0,0.0,0.0,0.0,0.0,0.0,1,0,0,0,0,0,0,1,1,0
8665,33.0,0.0,0.0,0.0,0.0,,1,0,0,0,1,0,0,1,1,0
8670,19.0,0.0,0.0,0.0,0.0,0.0,0,1,0,0,1,1,0,0,1,0
8689,18.0,0.0,0.0,0.0,0.0,0.0,1,0,0,0,1,0,1,0,1,0
8690,26.0,0.0,0.0,1872.0,1.0,0.0,1,0,0,1,0,0,0,1,1,0
