Age,RoomService,FoodCourt,ShoppingMall,Spa,VRDeck,HomePlanet_Earth,HomePlanet_Europa,HomePlanet_Mars,CryoSleep_False,CryoSleep_True,Destination_55 Cancri e,Destination_PSO J318.5-22,Destination_TRAPPIST-1e,VIP_False,VIP_True,Transported
39.0,0.0,0.0,0.0,0.0,0.0,0,1,0,1,0,0,0,1,1,0,False
33.0,0.0,1283.0,371.0,3329.0,193.0,0,1,0,1,0,0,0,1,1,0,False
35.0,0.0,785.0,17.0,216.0,0.0,1,0,0,1,0,0,0,1,1,0,True
28.0,8.0,974.0,12.0,2.0,7.0,1,0,0,1,0,0,0,1,1,0,True
31.0,32.0,0.0,876.0,0.0,0.0,1,0,0,1,0,0,0,1,1,0,False
29.0,0.0,0.0,,0.0,0.0,1,0,0,0,1,1,0,0,1,0,False
62.0,0.0,0.0,,0.0,0.0,0,1,0,0,1,0,0,1,1,0,True
15.0,0.0,225.0,0.0,998.0,0.0,1,0,0,1,0,0,0,1,1,0,False
45.0,0.0,164.0,45.0,2511.0,855.0,0,1,0,1,0,0,0,1,1,0,False
21.0,970.0,0.0,180.0,0.0,64.0,0,0,1,1,0,0,0,1,1,0,False
,4.0,0.0,2.0,4683.0,0.0,1,0,0,1,0,0,0,1,1,0,False
2.0,0.0,0.0,0.0,0.0,0.0,0,1,0,1,0,0,0,1,1,0,True
22.0,45.0,1096.0,148.0,1377.0,1.0,1,0,0,1,0,0,0,1,1,0,False
15.0,0.0,0.0,0.0,0.0,0.0,0,0,1,0,1,0,0,1,1,0,True
62.0,1.0,153.0,197.0,0.0,460.0,1,0,0,1,0,0,0,1,1,0,False
18.0,1.0,258.0,446.0,0.0,0.0,1,0,0,1,0,0,0,1,1,0,True
21.0,1946.0,37.0,0.0,0.0,24.0,1,0,0,1,0,1,0,0,1,0,False
,793.0,0.0,2.0,253.0,0.0,0,0,1,1,0,0,0,1,1,0,False
42.0,887.0,0.0,9.0,6.0,0.0,1,0,0,1,0,0,0,1,1,0,True
14.0,0.0,1.0,0.0,0.0,1063.0,1,0,0,1,0,0,0,1,1,0,False
27.0,147.0,0.0,1018.0,0.0,0.0,0,0,1,1,0,0,0,1,1,0,True
13.0,0.0,0.0,0.0,0.0,0.0,1,0,0,0,1,0,0,1,1,0,False
2.0,0.0,0.0,0.0,0.0,0.0,0,0,1,0,1,0,0,1,1,0,True
45.0,0.0,0.0,0.0,0.0,0.0,0,0,1,0,1,0,1,0,1,0,True
35.0,0.0,0.0,0.0,0.0,0.0,1,0,0,0,1,0,0,1,1,0,True
28.0,0.0,0.0,0.0,0.0,0.0,0,1,0,0,1,0,0,1,1,0,True
29.0,0.0,0.0,0.0,699.0,74.0,1,0,0,1,0,0,0,1,1,0,False
18.0,55.0,597.0,49.0,0.0,1.0,1,0,0,1,0,0,0,1,1,0,False
67.0,0.0,0.0,0.0,0.0,0.0,0,0,1,0,1,0,0,1,1,0,True
45.0,2103.0,6.0,0.0,0.0,0.0,0,0,1,1,0,0,0,1,1,0,False
19.0,0.0,14.0,730.0,0.0,0.0,1,0,0,1,0,0,0,1,1,0,True
42.0,1072.0,0.0,10.0,0.0,76.0,0,0,1,1,0,0,0,1,1,0,False
17.0,0.0,0.0,0.0,0.0,0.0,0,1,0,0,1,0,0,1,1,0,True
24.0,0.0,0.0,0.0,221.0,567.0,1,0,0,1,0,0,0,1,1,0,False
32.0,0.0,0.0,0.0,0.0,0.0,1,0,0,0,1,0,0,1,1,0,True
38.0,0.0,10346.0,1.0,14970.0,2111.0,0,1,0,1,0,0,0,1,1,0,False
3.0,0.0,0.0,0.0,0.0,0.0,1,0,0,1,0,0,0,1,1,0,True
20.0,0.0,0.0,3.0,299.0,92.0,1,0,0,1,0,0,0,1,1,0,False
52.0,0.0,0.0,0.0,0.0,0.0,1,0,0,0,0,0,1,0,1,0,True
19.0,0.0,0.0,0.0,0.0,0.0,1,0,0,0,1,0,1,0,1,0,False
17.0,848.0,0.0,307.0,182.0,0.0,0,0,1,1,0,0,0,1,1,0,False
13.0,192.0,0.0,0.0,51.0,739.0,1,0,0,1,0,0,0,1,1,0,False
2.0,0.0,0.0,0.0,0.0,0.0,1,0,0,0,1,0,0,1,1,0,True
21.0,0.0,0.0,0.0,0.0,0.0,0,0,1,0,1,0,0,1,1,0,True
16.0,915.0,0.0,221.0,234.0,0.0,0,0,1,1,0,0,0,1,1,0,False
42.0,0.0,0.0,0.0,0.0,0.0,0,0,1,0,1,0,0,1,1,0,False
27.0,0.0,,0.0,0.0,0.0,1,0,0,0,1,0,1,0,1,0,False
32.0,56.0,0.0,256.0,1438.0,0.0,0,0,1,1,0,0,0,1,1,0,False
43.0,,888.0,0.0,0.0,0.0,1,0,0,1,0,0,0,1,1,0,False
42.0,0.0,0.0,0.0,0.0,0.0,0,1,0,0,1,0,0,1,1,0,True
14.0,0.0,0.0,0.0,0.0,0.0,0,0,1,0,1,1,0,0,0,0,True
33.0,0.0,1.0,0.0,8620.0,1063.0,0,1,0,1,0,0,0,1,1,0,False
21.0,702.0,172.0,408.0,2.0,6.0,1,0,0,1,0,0,0,1,1,0,True
21.0,1664.0,0.0,,0.0,0.0,0,0,1,1,0,1,0,0,1,0,False
45.0,0.0,97.0,0.0,14.0,333.0,1,0,0,1,0,0,0,1,1,0,False
19.0,0.0,0.0,2078.0,0.0,0.0,1,0,0,1,0,0,0,1,1,0,True
22.0,146.0,654.0,1.0,0.0,2.0,1,0,0,1,0,0,0,1,1,0,True
57.0,3.0,1281.0,29.0,162.0,13.0,1,0,0,1,0,1,0,0,1,0,False
19.0,0.0,0.0,0.0,0.0,828.0,1,0,0,1,0,1,0,0,1,0,False
23.0,368.0,175.0,259.0,1.0,101.0,1,0,0,1,0,0,0,1,1,0,False
60.0,7.0,540.0,1.0,0.0,4.0,1,0,0,1,0,0,1,0,1,0,True
,0.0,0.0,,0.0,0.0,1,0,0,0,1,1,0,0,1,0,True
26.0,386.0,0.0,74.0,0.0,1330.0,1,0,0,1,0,1,0,0,1,0,False
20.0,0.0,0.0,0.0,0.0,,0,1,0,0,1,0,0,1,1,0,True
21.0,0.0,5.0,3.0,0.0,,1,0,0,1,0,0,0,1,1,0,False
13.0,0.0,0.0,0.0,0.0,0.0,1,0,0,0,1,0,1,0,1,0,False
25.0,0.0,0.0,251.0,0.0,552.0,1,0,0,1,0,0,0,1,1,0,False
2.0,0.0,0.0,0.0,0.0,0.0,0,0,1,0,1,1,0,0,1,0,True
0.0,0.0,0.0,0.0,0.0,0.0,0,0,1,1,0,1,0,0,1,0,True
30.0,0.0,0.0,0.0,0.0,0.0,0,0,1,0,1,0,0,1,1,0,False
23.0,2001.0,0.0,2975.0,0.0,0.0,0,0,1,1,0,0,0,1,1,0,False
41.0,,1198.0,0.0,124.0,572.0,1,0,0,1,0,0,0,1,1,0,False
26.0,148.0,0.0,453.0,0.0,88.0,1,0,0,1,0,0,1,0,1,0,False
15.0,358.0,212.0,33.0,0.0,112.0,1,0,0,1,0,0,0,1,1,0,False
26.0,2832.0,107.0,4447.0,15.0,4.0,0,0,1,1,0,0,0,1,1,0,False
22.0,116.0,0.0,786.0,6.0,0.0,1,0,0,1,0,0,0,1,1,0,True
32.0,0.0,0.0,0.0,0.0,0.0,0,1,0,0,1,0,0,1,1,0,True
18.0,0.0,0.0,0.0,0.0,0.0,0,1,0,0,1,1,0,0,1,0,True
23.0,348.0,0.0,0.0,4.0,368.0,0,0,0,1,0,0,0,0,1,0,False
34.0,0.0,0.0,0.0,0.0,0.0,1,0,0,0,1,0,1,0,1,0,False
14.0,3.0,0.0,881.0,25.0,0.0,1,0,0,1,0,0,0,1,1,0,True
23.0,13.0,747.0,0.0,0.0,128.0,1,0,0,1,0,0,0,1,1,0,False
14.0,0.0,0.0,0.0,0.0,0.0,1,0,0,0,1,0,0,1,1,0,False
18.0,0.0,0.0,0.0,0.0,0.0,1,0,0,0,1,0,0,1,1,0,True
39.0,0.0,0.0,0.0,0.0,0.0,1,0,0,0,1,0,0,1,1,0,False
35.0,1134.0,113.0,52.0,0.0,0.0,0,0,1,1,0,0,0,1,1,0,False
16.0,691.0,0.0,101.0,140.0,0.0,1,0,0,1,0,0,0,1,1,0,False
68.0,0.0,0.0,0.0,0.0,0.0,0,1,0,0,1,1,0,0,1,0,True
3.0,0.0,0.0,0.0,0.0,0.0,0,0,1,0,1,0,0,1,1,0,True
31.0,0.0,0.0,0.0,0.0,0.0,0,0,1,0,1,0,0,1,1,0,True
27.0,0.0,0.0,0.0,0.0,0.0,0,1,0,0,0,1,0,0,1,0,True
45.0,0.0,0.0,0.0,0.0,0.0,0,0,1,0,1,0,0,1,1,0,True
39.0,382.0,0.0,22.0,467.0,0.0,1,0,0,1,0,0,0,1,1,0,False
40.0,,0.0,0.0,0.0,0.0,0,1,0,0,1,0,0,1,1,0,True
34.0,,5637.0,45.0,1936.0,56.0,0,1,0,1,0,1,0,0,1,0,False
25.0,1352.0,0.0,0.0,24.0,799.0,1,0,0,1,0,0,0,1,1,0,False
26.0,0.0,0.0,0.0,77.0,715.0,0,0,0,1,0,0,0,1,1,0,False
11.0,0.0,0.0,0.0,0.0,0.0,1,0,0,0,1,0,0,1,1,0,True
19.0,0.0,0.0,0.0,0.0,0.0,0,1,0,0,1,0,0,1,1,0,True
28.0,5.0,4288.0,0.0,745.0,5.0,0,1,0,0,0,1,0,0,0,1,True
43.0,0.0,0.0,0.0,0.0,0.0,0,1,0,0,1,0,0,1,1,0,True
55.0,210.0,185.0,188.0,59.0,73.0,1,0,0,1,0,0,0,1,1,0,False
28.0,0.0,0.0,0.0,0.0,0.0,0,1,0,0,1,1,0,0,1,0,True
1.0,0.0,0.0,0.0,0.0,0.0,1,0,0,1,0,1,0,0,1,0,True
34.0,865.0,0.0,257.0,,35.0,0,0,1,1,0,0,0,1,1,0,False
,0.0,654.0,22.0,146.0,4.0,1,0,0,1,0,0,0,1,1,0,True
25.0,0.0,0.0,0.0,0.0,,0,0,1,0,1,1,0,0,1,0,True
15.0,0.0,0.0,0.0,0.0,0.0,1,0,0,0,1,1,0,0,1,0,True
36.0,0.0,0.0,38.0,9.0,943.0,1,0,0,1,0,0,0,1,1,0,False
27.0,,6.0,145.0,144.0,0.0,0,0,1,1,0,0,1,0,1,0,False
27.0,0.0,0.0,0.0,0.0,0.0,0,0,1,0,1,0,0,1,1,0,True
28.0,0.0,0.0,,0.0,0.0,1,0,0,0,1,0,1,0,1,0,False
27.0,0.0,,0.0,0.0,0.0,0,1,0,0,1,1,0,0,1,0,True
42.0,0.0,929.0,967.0,,481.0,0,1,0,1,0,0,0,1,1,0,False
42.0,1246.0,35.0,16.0,0.0,0.0,0,0,1,1,0,0,0,1,1,0,False
50.0,0.0,0.0,0.0,0.0,0.0,0,1,0,0,1,0,0,1,1,0,True
35.0,0.0,0.0,0.0,0.0,0.0,0,0,0,0,1,0,0,1,1,0,True
23.0,39.0,263.0,0.0,0.0,,1,0,0,1,0,0,0,1,1,0,True
34.0,0.0,0.0,0.0,0.0,0.0,0,0,1,0,1,0,0,1,1,0,True
28.0,0.0,1073.0,0.0,0.0,5.0,1,0,0,1,0,0,0,1,1,0,True
17.0,1471.0,0.0,0.0,45.0,16.0,0,0,0,1,0,0,0,1,1,0,False
23.0,13.0,12.0,0.0,762.0,0.0,1,0,0,1,0,0,0,1,1,0,True
40.0,0.0,0.0,0.0,0.0,0.0,0,1,0,0,1,0,0,1,1,0,True
19.0,0.0,1428.0,0.0,1.0,19.0,1,0,0,1,0,0,0,1,1,0,True
21.0,0.0,12.0,580.0,0.0,79.0,1,0,0,1,0,0,1,0,1,0,False
4.0,0.0,0.0,0.0,0.0,0.0,1,0,0,1,0,0,0,1,1,0,False
44.0,1440.0,293.0,74.0,32.0,0.0,0,0,0,1,0,0,0,1,1,0,True
13.0,0.0,0.0,0.0,0.0,0.0,0,0,1,0,1,0,0,1,1,0,True
14.0,0.0,0.0,0.0,0.0,0.0,1,0,0,0,1,0,0,1,1,0,True
36.0,530.0,5085.0,1.0,146.0,872.0,0,1,0,1,0,0,0,1,0,1,True
42.0,0.0,0.0,0.0,0.0,0.0,0,1,0,0,1,0,0,1,1,0,True
55.0,0.0,1542.0,0.0,1814.0,1568.0,0,1,0,1,0,0,0,1,1,0,False
50.0,,233.0,0.0,0.0,0.0,1,0,0,1,0,0,0,1,1,0,False
3.0,0.0,0.0,0.0,0.0,0.0,0,0,1,0,1,0,0,1,1,0,True
0.0,0.0,0.0,0.0,0.0,0.0,0,0,1,0,1,0,0,1,1,0,True
33.0,0.0,0.0,0.0,0.0,0.0,0,0,1,0,1,0,0,1,1,0,True
24.0,,4.0,0.0,670.0,113.0,0,0,0,1,0,0,0,1,1,0,False
9.0,0.0,0.0,0.0,0.0,0.0,0,0,1,0,1,0,0,1,1,0,True
24.0,0.0,0.0,0.0,0.0,0.0,0,0,1,0,1,0,0,1,1,0,True
37.0,27.0,654.0,10.0,881.0,9568.0,0,1,0,1,0,0,0,1,0,0,False
33.0,149.0,0.0,,0.0,109.0,0,0,1,1,0,0,0,1,1,0,False
44.0,103.0,0.0,18.0,1197.0,1.0,1,0,0,1,0,0,0,1,1,0,True
55.0,0.0,0.0,0.0,0.0,0.0,0,0,1,0,1,0,0,1,1,0,True
20.0,0.0,0.0,0.0,0.0,0.0,0,1,0,0,1,1,0,0,1,0,True
36.0,2.0,0.0,0.0,1958.0,19.0,1,0,0,1,0,0,0,1,1,0,False
29.0,0.0,3344.0,0.0,118.0,972.0,0,1,0,1,0,1,0,0,1,0,True
30.0,0.0,0.0,0.0,0.0,0.0,0,1,0,0,1,1,0,0,1,0,True
7.0,0.0,0.0,0.0,0.0,0.0,0,0,1,0,1,0,0,1,1,0,True
33.0,105.0,0.0,1087.0,0.0,0.0,0,0,1,1,0,0,0,1,1,0,False
37.0,237.0,2.0,708.0,0.0,0.0,0,0,1,1,0,0,0,1,1,0,True
32.0,0.0,0.0,0.0,768.0,3.0,1,0,0,1,0,0,0,1,1,0,False
18.0,0.0,0.0,0.0,0.0,0.0,1,0,0,0,1,0,0,1,1,0,True
15.0,0.0,0.0,0.0,0.0,0.0,1,0,0,0,1,0,0,1,1,0,False
44.0,0.0,2506.0,0.0,1360.0,722.0,0,1,0,1,0,0,0,1,1,0,False
15.0,1264.0,0.0,2.0,23.0,0.0,0,0,1,1,0,0,0,1,1,0,False
37.0,0.0,0.0,0.0,0.0,0.0,1,0,0,0,1,0,0,1,1,0,False
45.0,0.0,0.0,0.0,0.0,0.0,1,0,0,0,1,0,1,0,1,0,False
,0.0,0.0,0.0,0.0,0.0,0,0,1,1,0,0,0,1,1,0,True
20.0,0.0,0.0,0.0,0.0,0.0,0,0,1,0,1,0,0,1,1,0,True
41.0,1.0,922.0,4.0,55.0,15.0,1,0,0,1,0,0,0,1,1,0,False
36.0,0.0,0.0,0.0,0.0,0.0,0,1,0,0,1,0,0,1,1,0,True
34.0,0.0,3488.0,0.0,4343.0,38.0,0,1,0,1,0,0,0,1,1,0,False
24.0,2698.0,0.0,301.0,8.0,5.0,0,0,1,1,0,1,0,0,1,0,False
26.0,1577.0,2.0,0.0,30.0,0.0,1,0,0,1,0,0,0,1,1,0,False
38.0,0.0,0.0,0.0,0.0,0.0,1,0,0,0,1,0,1,0,1,0,True
19.0,0.0,714.0,2.0,0.0,0.0,1,0,0,1,0,0,0,1,1,0,False
23.0,0.0,38.0,88.0,4.0,561.0,1,0,0,1,0,1,0,0,1,0,False
14.0,0.0,0.0,0.0,0.0,0.0,1,0,0,0,1,0,0,1,1,0,True
67.0,1.0,0.0,5.0,1022.0,151.0,0,0,1,1,0,1,0,0,1,0,False
35.0,1248.0,0.0,55.0,12.0,0.0,0,0,1,1,0,0,1,0,1,0,True
23.0,755.0,0.0,121.0,,0.0,0,0,1,1,0,0,0,1,1,0,False
54.0,0.0,0.0,0.0,0.0,0.0,0,1,0,0,1,1,0,0,1,0,True
0.0,0.0,0.0,0.0,0.0,0.0,1,0,0,0,1,0,0,1,1,0,False
,0.0,715.0,0.0,170.0,0.0,1,0,0,1,0,0,0,1,1,0,False
21.0,562.0,2.0,0.0,0.0,11.0,1,0,0,1,0,0,0,0,1,0,False
59.0,0.0,0.0,0.0,0.0,0.0,0,0,1,0,1,0,0,1,1,0,True
28.0,0.0,0.0,0.0,0.0,0.0,0,1,0,0,1,1,0,0,1,0,True
19.0,0.0,0.0,0.0,0.0,0.0,1,0,0,0,1,0,0,1,1,0,True
39.0,0.0,0.0,0.0,7.0,766.0,1,0,0,1,0,0,1,0,1,0,False
34.0,0.0,0.0,0.0,874.0,0.0,1,0,0,1,0,0,0,1,1,0,False
29.0,0.0,0.0,0.0,0.0,645.0,1,0,0,1,0,0,0,1,1,0,False
1.0,0.0,0.0,0.0,0.0,0.0,0,0,1,0,1,0,0,1,1,0,True
31.0,183.0,0.0,32.0,0.0,1171.0,1,0,0,1,0,0,0,1,1,0,False
31.0,159.0,110.0,701.0,0.0,10.0,1,0,0,1,0,0,0,1,1,0,False
23.0,0.0,0.0,0.0,0.0,0.0,1,0,0,0,1,0,1,0,0,0,True
13.0,0.0,0.0,0.0,0.0,0.0,1,0,0,0,1,0,0,1,1,0,True
14.0,77.0,0.0,9.0,424.0,166.0,1,0,0,1,0,1,0,0,1,0,False
13.0,0.0,0.0,0.0,0.0,0.0,1,0,0,0,1,0,0,1,1,0,False
27.0,0.0,0.0,0.0,0.0,0.0,0,1,0,1,0,0,0,1,1,0,True
32.0,0.0,0.0,0.0,0.0,0.0,0,1,0,0,1,1,0,0,1,0,True
54.0,0.0,0.0,0.0,0.0,0.0,0,0,1,0,1,0,0,1,1,0,True
24.0,34.0,7.0,320.0,0.0,427.0,1,0,0,1,0,0,0,1,1,0,False
22.0,0.0,0.0,0.0,0.0,0.0,0,1,0,0,1,1,0,0,1,0,True
48.0,0.0,0.0,0.0,0.0,0.0,0,1,0,1,0,0,0,1,1,0,False
32.0,0.0,0.0,0.0,0.0,0.0,1,0,0,0,1,1,0,0,1,0,True
23.0,0.0,0.0,0.0,,0.0,1,0,0,0,1,1,0,0,0,0,False
31.0,0.0,7461.0,0.0,369.0,450.0,0,1,0,1,0,0,0,1,1,0,True
20.0,157.0,0.0,0.0,544.0,3.0,1,0,0,1,0,0,0,1,1,0,False
41.0,0.0,,0.0,0.0,0.0,0,0,1,0,1,0,0,1,1,0,True
30.0,0.0,760.0,234.0,2761.0,81.0,0,1,0,1,0,0,0,1,1,0,False
30.0,14.0,12045.0,0.0,2121.0,0.0,0,1,0,1,0,0,0,1,1,0,True
18.0,594.0,0.0,555.0,0.0,0.0,0,0,1,1,0,0,0,1,1,0,False
19.0,72.0,5.0,0.0,342.0,188.0,1,0,0,1,0,0,0,1,1,0,True
26.0,0.0,474.0,0.0,0.0,201.0,1,0,0,1,0,1,0,0,1,0,False
45.0,877.0,0.0,1383.0,0.0,0.0,0,0,1,1,0,0,0,1,1,0,False
48.0,0.0,306.0,3.0,,359.0,1,0,0,1,0,0,1,0,1,0,False
14.0,0.0,885.0,8.0,0.0,0.0,1,0,0,1,0,1,0,0,1,0,True
19.0,631.0,0.0,834.0,304.0,0.0,0,0,1,1,0,0,0,1,1,0,False
44.0,0.0,0.0,0.0,0.0,0.0,0,0,1,0,1,0,0,1,1,0,True
20.0,0.0,11.0,0.0,136.0,1088.0,1,0,0,1,0,1,0,0,1,0,False
,0.0,0.0,0.0,0.0,0.0,1,0,0,0,1,0,1,0,1,0,False
71.0,0.0,0.0,0.0,0.0,0.0,1,0,0,0,1,0,0,1,1,0,True
18.0,6.0,0.0,,12.0,704.0,1,0,0,1,0,1,0,0,1,0,True
16.0,3.0,0.0,35.0,150.0,478.0,1,0,0,1,0,0,0,1,1,0,False
36.0,1.0,784.0,0.0,55.0,149.0,1,0,0,1,0,0,0,1,1,0,True
29.0,387.0,942.0,0.0,9927.0,1341.0,0,1,0,1,0,0,0,1,1,0,False
46.0,1192.0,1736.0,17.0,21.0,0.0,0,1,0,1,0,1,0,0,1,0,True
17.0,0.0,0.0,0.0,0.0,0.0,0,1,0,0,1,1,0,0,1,0,True
37.0,4301.0,791.0,0.0,1748.0,91.0,0,1,0,1,0,1,0,0,1,0,False
26.0,621.0,1.0,98.0,11.0,135.0,1,0,0,1,0,0,0,1,1,0,False
3.0,0.0,0.0,0.0,0.0,0.0,0,0,1,1,0,1,0,0,1,0,True
58.0,0.0,0.0,0.0,0.0,0.0,1,0,0,0,1,0,0,1,1,0,False
20.0,0.0,15.0,122.0,1125.0,0.0,1,0,0,1,0,0,0,1,1,0,False
18.0,187.0,12.0,0.0,1277.0,0.0,1,0,0,1,0,1,0,0,1,0,False
0.0,0.0,0.0,0.0,0.0,0.0,1,0,0,1,0,1,0,0,1,0,False
30.0,0.0,0.0,0.0,0.0,0.0,0,0,1,0,1,0,0,1,1,0,True
23.0,1081.0,0.0,0.0,0.0,7.0,1,0,0,1,0,0,0,1,1,0,False
49.0,0.0,0.0,1526.0,960.0,0.0,1,0,0,1,0,0,0,1,1,0,False
16.0,507.0,0.0,0.0,0.0,,1,0,0,1,0,0,0,1,1,0,False
22.0,,0.0,21.0,0.0,0.0,1,0,0,1,0,1,0,0,1,0,False
38.0,0.0,0.0,0.0,0.0,0.0,0,0,0,0,1,0,0,1,1,0,True
19.0,0.0,0.0,27.0,53.0,677.0,1,0,0,1,0,0,0,1,1,0,False
57.0,,20.0,157.0,21.0,689.0,1,0,0,1,0,0,0,1,1,0,False
38.0,0.0,3262.0,0.0,295.0,1374.0,0,0,0,1,0,0,0,1,1,0,True
15.0,0.0,,0.0,0.0,0.0,0,1,0,0,1,0,0,1,1,0,True
14.0,0.0,0.0,0.0,0.0,0.0,0,1,0,0,1,0,0,1,1,0,True
41.0,638.0,0.0,133.0,0.0,,1,0,0,1,0,1,0,0,1,0,False
27.0,0.0,0.0,0.0,0.0,0.0,0,0,1,0,1,0,0,1,1,0,True
18.0,556.0,0.0,0.0,852.0,6.0,0,0,1,1,0,0,0,1,1,0,True
31.0,0.0,1.0,0.0,16.0,843.0,1,0,0,1,0,0,0,1,1,0,False
33.0,0.0,0.0,0.0,0.0,0.0,0,0,0,0,1,1,0,0,1,0,True
35.0,0.0,0.0,0.0,0.0,0.0,0,0,1,0,1,0,0,1,1,0,True
23.0,1862.0,59.0,18.0,192.0,0.0,0,0,1,1,0,0,0,1,1,0,True
23.0,0.0,24.0,0.0,55.0,7516.0,0,1,0,1,0,0,0,1,1,0,False
20.0,0.0,0.0,0.0,0.0,719.0,1,0,0,1,0,0,0,1,1,0,True
36.0,0.0,3011.0,0.0,0.0,98.0,1,0,0,0,0,0,0,1,1,0,True
18.0,855.0,0.0,51.0,0.0,0.0,1,0,0,1,0,0,0,1,1,0,False
23.0,,0.0,0.0,0.0,0.0,0,0,1,0,1,0,0,1,1,0,False
27.0,0.0,0.0,0.0,0.0,0.0,0,0,1,1,0,0,0,1,1,0,True
13.0,0.0,0.0,0.0,0.0,0.0,0,1,0,0,1,1,0,0,1,0,True
,0.0,122.0,2138.0,7368.0,1213.0,0,1,0,1,0,1,0,0,1,0,False
7.0,0.0,0.0,0.0,0.0,0.0,1,0,0,1,0,0,0,1,1,0,False
0.0,0.0,0.0,0.0,0.0,0.0,1,0,0,1,0,0,0,1,1,0,False
41.0,29.0,0.0,1095.0,0.0,4.0,0,0,1,1,0,0,0,1,1,0,False
29.0,0.0,0.0,0.0,0.0,0.0,0,1,0,0,1,0,0,1,1,0,True
28.0,0.0,0.0,,0.0,0.0,0,0,1,0,1,0,0,1,1,0,True
59.0,0.0,0.0,0.0,0.0,0.0,0,1,0,0,1,0,0,1,1,0,True
30.0,,0.0,0.0,679.0,0.0,0,0,1,1,0,0,0,1,1,0,False
0.0,0.0,0.0,0.0,0.0,0.0,1,0,0,1,0,0,0,1,1,0,True
30.0,0.0,575.0,180.0,4.0,44.0,1,0,0,1,0,0,0,1,1,0,False
16.0,0.0,0.0,0.0,0.0,0.0,0,1,0,0,1,0,0,1,1,0,True
32.0,0.0,122.0,3700.0,337.0,1388.0,0,1,0,1,0,1,0,0,0,1,False
28.0,42.0,1116.0,0.0,0.0,0.0,0,0,1,1,0,0,0,1,0,0,True
20.0,71.0,8.0,513.0,354.0,0.0,1,0,0,1,0,0,0,1,1,0,False
20.0,65.0,905.0,0.0,0.0,0.0,1,0,0,1,0,0,0,1,1,0,True
14.0,0.0,0.0,0.0,2143.0,7.0,1,0,0,1,0,0,0,1,1,0,False
4.0,0.0,0.0,0.0,0.0,0.0,1,0,0,1,0,0,0,1,1,0,False
20.0,0.0,0.0,0.0,1608.0,1.0,1,0,0,1,0,0,0,1,1,0,False
24.0,0.0,0.0,0.0,0.0,0.0,0,1,0,0,1,1,0,0,1,0,True
21.0,0.0,0.0,0.0,0.0,0.0,0,0,1,0,1,0,0,1,1,0,True
27.0,0.0,0.0,863.0,33.0,2.0,1,0,0,1,0,0,0,1,1,0,True
36.0,0.0,0.0,0.0,0.0,0.0,0,1,0,0,1,0,0,1,1,0,True
23.0,0.0,0.0,1250.0,0.0,0.0,1,0,0,1,0,0,1,0,1,0,True
32.0,27.0,393.0,1061.0,27.0,0.0,1,0,0,1,0,0,0,1,1,0,True
26.0,0.0,1026.0,3301.0,831.0,356.0,0,1,0,1,0,0,0,1,1,0,True
40.0,889.0,185.0,0.0,0.0,28.0,1,0,0,1,0,0,0,1,1,0,True
37.0,0.0,4677.0,0.0,115.0,223.0,0,1,0,1,0,1,0,0,1,0,True
32.0,8168.0,69.0,11.0,371.0,0.0,0,1,0,1,0,0,0,1,1,0,False
30.0,0.0,192.0,0.0,565.0,0.0,1,0,0,1,0,0,0,1,1,0,False
27.0,1277.0,0.0,1.0,10.0,9.0,0,0,1,1,0,0,0,1,1,0,False
21.0,0.0,0.0,0.0,0.0,0.0,1,0,0,0,1,0,1,0,1,0,False
31.0,0.0,0.0,0.0,0.0,0.0,0,1,0,0,1,1,0,0,1,0,True
1.0,0.0,0.0,0.0,0.0,0.0,0,0,1,0,1,0,0,1,1,0,True
24.0,621.0,0.0,0.0,0.0,0.0,1,0,0,1,0,0,0,1,1,0,False
18.0,789.0,0.0,2.0,0.0,19.0,1,0,0,1,0,0,0,1,1,0,False
33.0,1758.0,59.0,4.0,0.0,0.0,0,0,1,1,0,0,0,1,1,0,False
28.0,,0.0,,0.0,0.0,0,1,0,1,0,0,0,1,0,1,False
19.0,68.0,0.0,0.0,719.0,0.0,1,0,0,0,0,0,0,1,1,0,False
22.0,0.0,0.0,675.0,5.0,0.0,1,0,0,1,0,0,0,1,1,0,True
27.0,1.0,299.0,1.0,380.0,13.0,1,0,0,1,0,1,0,0,1,0,False
2.0,0.0,0.0,0.0,0.0,0.0,1,0,0,0,1,1,0,0,1,0,True
2.0,0.0,0.0,0.0,0.0,0.0,1,0,0,1,0,0,1,0,1,0,True
22.0,0.0,0.0,0.0,0.0,0.0,1,0,0,0,1,0,0,1,1,0,False
37.0,0.0,439.0,0.0,3198.0,6.0,0,1,0,1,0,1,0,0,1,0,False
2.0,0.0,0.0,0.0,0.0,0.0,1,0,0,0,1,1,0,0,1,0,False
0.0,0.0,0.0,0.0,0.0,0.0,1,0,0,0,1,0,0,1,1,0,True
42.0,0.0,0.0,0.0,0.0,0.0,1,0,0,0,1,0,0,1,1,0,True
19.0,1507.0,0.0,260.0,0.0,0.0,0,0,1,1,0,0,0,1,1,0,False
26.0,0.0,0.0,0.0,0.0,0.0,1,0,0,0,1,0,0,1,1,0,False
29.0,28.0,0.0,561.0,203.0,0.0,1,0,0,1,0,0,0,1,1,0,False
44.0,0.0,0.0,0.0,0.0,0.0,1,0,0,0,1,0,0,1,1,0,False
35.0,775.0,14.0,0.0,610.0,4.0,1,0,0,0,0,1,0,0,1,0,False
23.0,0.0,0.0,0.0,0.0,0.0,1,0,0,0,1,0,0,1,1,0,False
27.0,0.0,0.0,0.0,0.0,0.0,1,0,0,0,1,0,0,1,1,0,False
21.0,965.0,0.0,23.0,3.0,0.0,1,0,0,1,0,0,0,1,1,0,False
20.0,0.0,0.0,0.0,0.0,0.0,1,0,0,0,1,0,1,0,1,0,True
53.0,0.0,0.0,0.0,0.0,0.0,0,1,0,0,1,0,0,1,1,0,True
31.0,1088.0,0.0,280.0,0.0,0.0,0,0,1,1,0,0,0,1,1,0,False
44.0,485.0,2.0,210.0,0.0,351.0,0,0,1,1,0,0,0,0,1,0,False
39.0,386.0,190.0,0.0,489.0,0.0,1,0,0,1,0,0,0,1,1,0,False
17.0,8.0,222.0,3.0,401.0,0.0,1,0,0,1,0,0,1,0,1,0,True
23.0,0.0,567.0,896.0,0.0,122.0,1,0,0,1,0,0,0,1,1,0,False
15.0,0.0,0.0,,0.0,832.0,1,0,0,1,0,1,0,0,1,0,False
18.0,0.0,0.0,0.0,0.0,0.0,1,0,0,0,1,0,1,0,1,0,False
,0.0,0.0,0.0,0.0,0.0,0,0,1,0,1,0,0,1,1,0,False
37.0,328.0,6153.0,,26.0,820.0,0,0,1,1,0,0,0,1,1,0,False
39.0,0.0,0.0,0.0,0.0,0.0,0,1,0,0,1,0,0,1,1,0,True
8.0,0.0,0.0,0.0,0.0,0.0,0,1,0,1,0,0,0,1,1,0,True
35.0,0.0,0.0,0.0,0.0,0.0,0,1,0,0,1,0,0,1,1,0,True
14.0,360.0,0.0,2116.0,1.0,8.0,1,0,0,1,0,0,0,1,1,0,False
41.0,112.0,186.0,228.0,760.0,0.0,0,0,1,1,0,0,0,1,1,0,False
30.0,806.0,100.0,9.0,,47.0,0,0,1,1,0,0,0,1,1,0,False
27.0,0.0,1826.0,39.0,11.0,649.0,1,0,0,1,0,0,0,1,1,0,False
23.0,200.0,414.0,73.0,1.0,1.0,1,0,0,1,0,0,1,0,1,0,False
32.0,0.0,0.0,0.0,,0.0,0,0,1,0,1,0,0,1,1,0,True
42.0,0.0,0.0,0.0,0.0,,0,0,1,0,1,0,0,1,1,0,True
61.0,1114.0,0.0,68.0,0.0,0.0,0,0,1,1,0,0,0,1,1,0,False
43.0,0.0,0.0,1217.0,2.0,0.0,1,0,0,1,0,0,0,1,1,0,True
14.0,1.0,1.0,683.0,419.0,0.0,1,0,0,1,0,0,0,1,1,0,False
18.0,3992.0,673.0,1360.0,2.0,0.0,0,0,1,1,0,1,0,0,1,0,True
25.0,0.0,7069.0,0.0,45.0,282.0,0,1,0,1,0,0,1,0,0,1,True
32.0,1.0,470.0,0.0,1440.0,2114.0,0,1,0,1,0,0,0,1,1,0,False
34.0,0.0,0.0,0.0,0.0,0.0,0,1,0,0,1,1,0,0,1,0,True
51.0,0.0,0.0,0.0,0.0,0.0,0,1,0,0,1,1,0,0,0,0,True
30.0,0.0,1376.0,43.0,0.0,1460.0,0,1,0,1,0,0,0,1,1,0,True
37.0,0.0,0.0,0.0,0.0,0.0,1,0,0,0,1,0,0,1,1,0,False
45.0,0.0,1389.0,0.0,2987.0,0.0,0,1,0,1,0,0,0,1,1,0,False
37.0,0.0,0.0,0.0,0.0,0.0,0,1,0,0,1,0,0,1,1,0,True
25.0,4.0,0.0,146.0,723.0,0.0,1,0,0,1,0,0,0,1,1,0,False
55.0,938.0,0.0,82.0,0.0,162.0,0,0,1,1,0,0,0,1,1,0,False
33.0,0.0,26.0,1.0,33.0,2439.0,0,1,0,1,0,1,0,0,1,0,False
,0.0,3.0,0.0,2.0,923.0,1,0,0,1,0,0,0,1,1,0,True
7.0,0.0,0.0,0.0,0.0,0.0,1,0,0,1,0,1,0,0,1,0,True
24.0,2.0,3.0,0.0,616.0,161.0,1,0,0,1,0,0,0,1,1,0,False
39.0,0.0,0.0,0.0,0.0,0.0,1,0,0,0,1,0,0,1,1,0,True
25.0,553.0,0.0,1.0,239.0,8.0,1,0,0,1,0,1,0,0,1,0,True
25.0,0.0,0.0,0.0,0.0,0.0,1,0,0,0,1,1,0,0,1,0,False
21.0,305.0,0.0,1.0,618.0,2.0,1,0,0,1,0,0,0,1,1,0,True
34.0,0.0,0.0,885.0,0.0,0.0,1,0,0,1,0,0,0,1,1,0,True
33.0,954.0,0.0,10.0,3.0,2.0,1,0,0,1,0,0,0,1,1,0,False
21.0,0.0,0.0,218.0,109.0,5321.0,1,0,0,1,0,0,0,1,1,0,False
20.0,0.0,1.0,0.0,905.0,0.0,1,0,0,0,0,0,0,1,1,0,False
56.0,0.0,0.0,0.0,0.0,0.0,0,1,0,1,0,0,0,1,1,0,False
22.0,2.0,0.0,6.0,101.0,536.0,1,0,0,1,0,0,0,1,1,0,False
0.0,0.0,0.0,0.0,0.0,0.0,0,0,1,0,1,0,0,1,1,0,True
29.0,7.0,0.0,0.0,797.0,0.0,1,0,0,1,0,0,0,1,1,0,False
20.0,0.0,0.0,0.0,0.0,0.0,1,0,0,0,1,0,1,0,1,0,False
17.0,0.0,0.0,0.0,0.0,0.0,0,1,0,0,1,0,0,1,1,0,True
23.0,2210.0,0.0,89.0,0.0,0.0,0,0,1,1,0,0,0,1,1,0,True
5.0,0.0,0.0,0.0,0.0,0.0,1,0,0,1,0,0,0,1,1,0,False
59.0,8.0,1563.0,0.0,73.0,31.0,0,1,0,1,0,1,0,0,1,0,True
17.0,68.0,0.0,0.0,0.0,795.0,1,0,0,1,0,1,0,0,1,0,True
20.0,1.0,808.0,0.0,0.0,0.0,1,0,0,1,0,1,0,0,1,0,True
21.0,0.0,0.0,0.0,2.0,807.0,1,0,0,1,0,0,0,1,1,0,False
4.0,0.0,0.0,0.0,0.0,0.0,1,0,0,1,0,0,0,1,1,0,True
59.0,0.0,0.0,0.0,0.0,0.0,1,0,0,0,1,0,1,0,1,0,False
55.0,587.0,0.0,0.0,318.0,3.0,1,0,0,1,0,0,0,1,1,0,False
18.0,0.0,0.0,0.0,0.0,0.0,0,0,1,1,0,0,0,1,1,0,False
21.0,0.0,0.0,809.0,0.0,0.0,1,0,0,1,0,0,0,1,1,0,False
15.0,0.0,0.0,0.0,0.0,0.0,1,0,0,0,1,0,1,0,1,0,False
31.0,0.0,0.0,0.0,,0.0,0,0,1,0,1,1,0,0,1,0,False
19.0,5.0,639.0,0.0,84.0,180.0,1,0,0,1,0,0,0,1,0,0,False
0.0,0.0,0.0,0.0,0.0,0.0,1,0,0,1,0,0,0,1,1,0,True
24.0,0.0,0.0,0.0,0.0,0.0,1,0,0,0,1,0,0,1,1,0,True
67.0,143.0,68.0,496.0,182.0,9.0,0,0,0,1,0,0,0,1,1,0,True
23.0,0.0,0.0,0.0,0.0,0.0,0,1,0,0,1,1,0,0,1,0,True
55.0,1104.0,0.0,0.0,0.0,0.0,1,0,0,1,0,0,0,1,1,0,False
54.0,0.0,316.0,257.0,0.0,0.0,1,0,0,1,0,0,1,0,1,0,False
0.0,0.0,0.0,0.0,0.0,0.0,1,0,0,0,1,0,0,1,1,0,True
39.0,0.0,43.0,864.0,0.0,85.0,1,0,0,1,0,0,0,1,1,0,False
22.0,8.0,710.0,0.0,27.0,0.0,1,0,0,1,0,0,0,1,1,0,True
61.0,953.0,415.0,974.0,0.0,133.0,0,0,1,1,0,0,0,1,1,0,False
58.0,14.0,0.0,1081.0,0.0,0.0,1,0,0,1,0,1,0,0,1,0,True
29.0,0.0,0.0,0.0,0.0,865.0,1,0,0,1,0,0,0,1,1,0,False
31.0,0.0,1983.0,0.0,172.0,52.0,0,1,0,1,0,0,0,1,0,0,True
30.0,116.0,0.0,0.0,728.0,29.0,1,0,0,1,0,0,0,1,1,0,True
5.0,0.0,0.0,0.0,0.0,0.0,1,0,0,0,1,0,0,1,1,0,False
52.0,0.0,0.0,0.0,0.0,0.0,0,0,1,0,1,0,0,1,1,0,False
25.0,11.0,44.0,397.0,0.0,0.0,1,0,0,1,0,0,1,0,1,0,False
36.0,0.0,0.0,0.0,0.0,0.0,0,1,0,0,1,1,0,0,1,0,True
19.0,42.0,0.0,345.0,1431.0,0.0,1,0,0,1,0,0,0,1,1,0,False
22.0,1744.0,79.0,0.0,12.0,1514.0,0,1,0,1,0,1,0,0,1,0,False
50.0,0.0,0.0,0.0,0.0,0.0,1,0,0,0,1,0,0,1,1,0,False
57.0,975.0,0.0,295.0,39.0,0.0,0,0,1,1,0,0,0,1,0,1,False
51.0,0.0,0.0,0.0,101.0,1357.0,1,0,0,1,0,0,0,1,1,0,False
25.0,0.0,0.0,0.0,0.0,0.0,1,0,0,0,1,0,0,1,1,0,False
15.0,0.0,0.0,0.0,0.0,0.0,0,1,0,0,1,0,0,1,1,0,True
0.0,,0.0,0.0,0.0,0.0,1,0,0,0,1,0,0,1,1,0,True
43.0,0.0,0.0,0.0,1200.0,17.0,1,0,0,1,0,0,0,1,1,0,False
54.0,3.0,0.0,56.0,633.0,0.0,1,0,0,1,0,0,1,0,1,0,False
39.0,0.0,0.0,0.0,0.0,0.0,0,1,0,0,1,1,0,0,1,0,True
25.0,0.0,0.0,0.0,0.0,0.0,0,1,0,0,1,0,0,1,1,0,True
27.0,196.0,602.0,0.0,0.0,198.0,1,0,0,1,0,0,0,1,1,0,False
19.0,0.0,0.0,0.0,0.0,0.0,0,0,1,0,1,1,0,0,1,0,True
4.0,0.0,0.0,0.0,0.0,0.0,1,0,0,1,0,0,0,1,1,0,False
30.0,1250.0,865.0,0.0,3725.0,5416.0,0,1,0,1,0,1,0,0,0,1,False
19.0,1139.0,18.0,0.0,0.0,671.0,1,0,0,1,0,0,0,1,1,0,True
22.0,0.0,5183.0,0.0,1080.0,2.0,0,1,0,1,0,1,0,0,1,0,True
15.0,0.0,0.0,0.0,0.0,0.0,1,0,0,0,1,0,1,0,1,0,True
42.0,399.0,75.0,38.0,771.0,0.0,1,0,0,1,0,0,0,1,1,0,False
21.0,6.0,133.0,503.0,0.0,2.0,1,0,0,1,0,0,0,1,1,0,False
50.0,0.0,0.0,0.0,785.0,19.0,1,0,0,1,0,0,0,1,1,0,False
26.0,281.0,741.0,13.0,0.0,4724.0,0,1,0,1,0,1,0,0,1,0,False
39.0,0.0,,0.0,1528.0,1119.0,0,1,0,1,0,1,0,0,1,0,False
68.0,0.0,286.0,0.0,1739.0,13.0,1,0,0,1,0,0,0,1,1,0,False
17.0,583.0,0.0,753.0,0.0,0.0,0,0,1,0,0,0,0,1,1,0,False
13.0,12.0,0.0,0.0,0.0,1963.0,1,0,0,1,0,0,0,1,1,0,False
19.0,0.0,0.0,0.0,0.0,0.0,1,0,0,0,1,0,0,1,1,0,True
30.0,0.0,0.0,0.0,0.0,0.0,0,1,0,0,1,0,0,1,1,0,True
65.0,51.0,4451.0,0.0,20.0,397.0,0,1,0,1,0,0,0,1,1,0,True
38.0,0.0,717.0,0.0,0.0,0.0,1,0,0,1,0,1,0,0,1,0,False
26.0,1751.0,0.0,0.0,0.0,0.0,0,0,1,1,0,0,0,1,1,0,False
22.0,2300.0,0.0,22.0,256.0,0.0,0,0,1,1,0,0,0,1,1,0,False
29.0,216.0,10.0,611.0,594.0,0.0,0,0,1,1,0,0,0,1,1,0,False
49.0,1624.0,0.0,68.0,,0.0,0,0,1,1,0,0,0,1,1,0,False
45.0,10.0,1095.0,1474.0,0.0,0.0,0,0,1,1,0,0,0,0,1,0,True
30.0,63.0,9314.0,249.0,2624.0,4538.0,0,1,0,1,0,0,0,1,1,0,False
29.0,776.0,0.0,4.0,0.0,23.0,1,0,0,1,0,0,0,1,1,0,False
20.0,1.0,0.0,0.0,4926.0,1.0,1,0,0,1,0,1,0,0,1,0,False
33.0,235.0,2.0,1.0,650.0,0.0,1,0,0,1,0,0,0,1,1,0,False
24.0,600.0,593.0,1404.0,0.0,1.0,0,0,1,1,0,0,0,1,1,0,False
23.0,0.0,0.0,0.0,0.0,0.0,1,0,0,0,1,0,1,0,1,0,False
21.0,770.0,0.0,0.0,40.0,0.0,1,0,0,1,0,1,0,0,1,0,False
18.0,0.0,1.0,0.0,80.0,826.0,1,0,0,1,0,0,0,1,1,0,False
26.0,0.0,,0.0,91.0,900.0,1,0,0,1,0,0,0,1,1,0,False
21.0,0.0,1433.0,0.0,1234.0,0.0,1,0,0,1,0,0,0,1,1,0,False
7.0,0.0,0.0,0.0,0.0,0.0,1,0,0,0,1,0,0,1,1,0,False
45.0,2138.0,0.0,0.0,659.0,0.0,1,0,0,1,0,0,0,1,1,0,False
21.0,0.0,0.0,0.0,0.0,,1,0,0,0,1,0,0,1,1,0,False
21.0,0.0,820.0,0.0,45.0,0.0,1,0,0,1,0,0,0,1,1,0,True
18.0,0.0,402.0,2027.0,0.0,0.0,1,0,0,1,0,0,0,1,1,0,True
0.0,0.0,0.0,0.0,0.0,0.0,0,0,1,1,0,0,0,1,1,0,True
27.0,0.0,0.0,6.0,745.0,22.0,1,0,0,1,0,0,0,1,1,0,False
23.0,0.0,774.0,0.0,0.0,0.0,1,0,0,1,0,0,1,0,1,0,True
27.0,0.0,0.0,0.0,0.0,0.0,1,0,0,0,1,0,1,0,1,0,True
46.0,607.0,0.0,41.0,334.0,251.0,0,0,1,1,0,0,1,0,1,0,False
25.0,0.0,0.0,0.0,0.0,0.0,0,1,0,0,1,1,0,0,1,0,True
16.0,0.0,0.0,0.0,0.0,0.0,1,0,0,0,1,0,0,1,1,0,False
,0.0,86.0,0.0,252.0,570.0,1,0,0,1,0,0,0,1,1,0,False
31.0,0.0,14.0,671.0,1.0,3.0,1,0,0,1,0,1,0,0,1,0,False
20.0,0.0,0.0,0.0,0.0,0.0,0,0,1,0,1,1,0,0,1,0,True
20.0,552.0,8.0,1348.0,5.0,,0,0,1,1,0,1,0,0,1,0,False
41.0,0.0,0.0,0.0,0.0,0.0,0,1,0,0,1,0,0,1,1,0,True
37.0,0.0,1368.0,0.0,,960.0,1,0,0,1,0,0,0,0,1,0,False
26.0,0.0,10.0,0.0,702.0,1.0,1,0,0,1,0,0,0,1,1,0,False
27.0,0.0,3341.0,,80.0,654.0,0,1,0,1,0,0,0,1,0,1,True
22.0,0.0,0.0,0.0,0.0,0.0,0,1,0,0,1,1,0,0,1,0,True
46.0,,0.0,0.0,0.0,0.0,1,0,0,0,1,0,0,1,1,0,True
43.0,485.0,4.0,136.0,48.0,0.0,1,0,0,1,0,1,0,0,1,0,False
42.0,0.0,0.0,32.0,772.0,0.0,1,0,0,1,0,0,0,1,1,0,False
39.0,0.0,0.0,13.0,0.0,868.0,1,0,0,1,0,0,0,1,1,0,True
43.0,2318.0,0.0,647.0,81.0,0.0,0,0,1,1,0,0,0,1,1,0,True
46.0,171.0,0.0,1257.0,5.0,0.0,0,0,1,1,0,0,0,1,1,0,True
3.0,0.0,0.0,0.0,0.0,0.0,1,0,0,1,0,0,0,1,1,0,True
1.0,0.0,0.0,0.0,0.0,0.0,1,0,0,1,0,0,0,1,1,0,True
35.0,174.0,0.0,381.0,0.0,62.0,0,0,1,1,0,0,0,1,1,0,False
54.0,0.0,3381.0,0.0,4463.0,34.0,0,1,0,1,0,0,0,1,0,1,False
48.0,0.0,0.0,0.0,0.0,0.0,0,1,0,0,1,1,0,0,1,0,True
44.0,0.0,0.0,0.0,0.0,0.0,0,1,0,0,1,0,0,1,1,0,True
33.0,0.0,763.0,1.0,66.0,84.0,1,0,0,1,0,0,0,1,1,0,False
45.0,0.0,0.0,0.0,0.0,0.0,1,0,0,0,1,0,1,0,1,0,True
18.0,128.0,37.0,626.0,0.0,5.0,1,0,0,1,0,0,0,1,1,0,False
,0.0,760.0,0.0,21.0,23.0,1,0,0,1,0,1,0,0,1,0,False
25.0,0.0,0.0,0.0,0.0,0.0,1,0,0,0,1,0,1,0,1,0,True
21.0,556.0,0.0,20.0,1589.0,0.0,1,0,0,1,0,0,0,1,1,0,False
16.0,0.0,0.0,0.0,0.0,0.0,0,0,1,1,0,0,0,1,1,0,False
45.0,0.0,0.0,0.0,0.0,0.0,0,1,0,0,1,1,0,0,1,0,True
13.0,880.0,0.0,0.0,0.0,0.0,1,0,0,1,0,1,0,0,1,0,False
20.0,464.0,0.0,1432.0,0.0,0.0,0,0,1,1,0,0,0,1,1,0,True
32.0,0.0,0.0,0.0,0.0,0.0,0,1,0,0,1,0,1,0,1,0,True
41.0,0.0,33.0,0.0,1324.0,0.0,1,0,0,1,0,1,0,0,1,0,False
30.0,0.0,0.0,0.0,0.0,0.0,1,0,0,0,0,0,0,1,1,0,False
20.0,768.0,19.0,0.0,1.0,0.0,1,0,0,1,0,0,0,1,1,0,False
49.0,712.0,1.0,0.0,0.0,,1,0,0,1,0,0,0,1,1,0,False
36.0,0.0,810.0,0.0,0.0,0.0,1,0,0,1,0,1,0,0,1,0,False
43.0,0.0,0.0,,0.0,0.0,1,0,0,0,1,0,0,1,1,0,True
18.0,0.0,0.0,0.0,0.0,0.0,1,0,0,0,1,0,1,0,1,0,True
42.0,0.0,1829.0,2.0,3133.0,2447.0,0,1,0,1,0,0,0,1,1,0,False
32.0,11.0,31.0,0.0,836.0,9.0,1,0,0,1,0,0,0,1,1,0,False
26.0,0.0,0.0,0.0,0.0,0.0,0,1,0,0,1,0,0,1,1,0,True
32.0,0.0,0.0,0.0,,0.0,0,1,0,0,1,0,0,1,1,0,True
23.0,0.0,0.0,0.0,0.0,0.0,0,0,1,0,1,0,0,1,1,0,True
17.0,0.0,11.0,493.0,0.0,372.0,1,0,0,1,0,1,0,0,1,0,False
31.0,1458.0,421.0,76.0,0.0,0.0,0,0,0,1,0,0,0,1,1,0,False
33.0,0.0,0.0,661.0,0.0,94.0,1,0,0,1,0,0,0,1,1,0,True
42.0,526.0,2.0,28.0,161.0,,1,0,0,1,0,1,0,0,1,0,False
27.0,0.0,0.0,0.0,0.0,0.0,0,0,1,0,1,0,0,1,1,0,True
48.0,58.0,0.0,12.0,,0.0,1,0,0,1,0,0,0,1,1,0,False
42.0,999.0,0.0,49.0,0.0,11.0,0,0,1,1,0,0,0,1,1,0,False
30.0,756.0,4.0,30.0,0.0,0.0,1,0,0,1,0,0,0,1,1,0,False
,0.0,27.0,0.0,3573.0,3643.0,0,1,0,1,0,0,0,1,1,0,False
27.0,0.0,0.0,0.0,0.0,0.0,0,1,0,0,1,1,0,0,1,0,True
19.0,0.0,13.0,291.0,481.0,2.0,0,0,0,1,0,0,0,1,1,0,False
38.0,0.0,2506.0,46.0,11001.0,5.0,0,0,0,1,0,1,0,0,1,0,False
39.0,0.0,0.0,0.0,0.0,0.0,0,1,0,0,1,1,0,0,1,0,True
37.0,0.0,0.0,0.0,0.0,0.0,0,1,0,0,1,1,0,0,1,0,True
38.0,0.0,0.0,0.0,0.0,0.0,0,1,0,0,1,1,0,0,1,0,True
24.0,737.0,37.0,1682.0,0.0,0.0,0,0,1,1,0,0,0,1,1,0,False
28.0,0.0,0.0,0.0,0.0,0.0,1,0,0,0,1,0,0,1,1,0,False
23.0,0.0,9.0,292.0,35.0,349.0,1,0,0,1,0,0,1,0,1,0,True
6.0,0.0,0.0,0.0,0.0,0.0,0,1,0,1,0,1,0,0,1,0,True
36.0,548.0,179.0,24.0,0.0,77.0,1,0,0,1,0,0,0,1,1,0,False
55.0,1281.0,0.0,7.0,1.0,0.0,0,0,1,1,0,0,0,1,1,0,False
7.0,0.0,0.0,0.0,0.0,,1,0,0,1,0,1,0,0,1,0,True
32.0,0.0,0.0,0.0,0.0,0.0,0,0,1,0,0,0,0,1,1,0,True
19.0,194.0,44.0,0.0,549.0,1.0,1,0,0,1,0,0,0,1,1,0,False
17.0,0.0,0.0,0.0,0.0,0.0,0,0,1,0,1,0,0,1,1,0,True
28.0,0.0,0.0,0.0,0.0,0.0,0,1,0,0,1,1,0,0,1,0,True
26.0,0.0,8150.0,0.0,3508.0,99.0,0,1,0,1,0,0,0,1,1,0,False
29.0,0.0,0.0,0.0,0.0,0.0,0,1,0,0,1,0,0,1,1,0,True
8.0,0.0,0.0,0.0,0.0,0.0,1,0,0,1,0,0,0,1,1,0,False
23.0,0.0,121.0,0.0,568.0,128.0,1,0,0,1,0,0,0,1,1,0,False
0.0,0.0,0.0,0.0,0.0,0.0,0,0,1,1,0,1,0,0,1,0,True
12.0,0.0,0.0,0.0,0.0,0.0,0,1,0,1,0,0,0,1,1,0,True
32.0,59.0,0.0,469.0,0.0,0.0,1,0,0,1,0,0,1,0,1,0,False
15.0,0.0,0.0,875.0,3.0,,1,0,0,1,0,0,0,1,1,0,False
14.0,0.0,0.0,0.0,0.0,0.0,1,0,0,0,1,0,0,1,1,0,True
22.0,91.0,6.0,0.0,17.0,693.0,1,0,0,1,0,0,0,1,1,0,False
39.0,0.0,0.0,0.0,0.0,,0,0,1,0,1,0,0,1,1,0,True
18.0,1867.0,0.0,29.0,72.0,,0,0,1,1,0,0,0,1,1,0,True
34.0,122.0,0.0,6.0,739.0,0.0,1,0,0,1,0,0,1,0,1,0,False
33.0,0.0,286.0,1795.0,712.0,7041.0,0,1,0,1,0,1,0,0,1,0,False
36.0,0.0,0.0,0.0,0.0,0.0,1,0,0,0,1,0,0,1,1,0,False
22.0,0.0,0.0,670.0,0.0,32.0,1,0,0,1,0,0,0,1,1,0,True
30.0,0.0,0.0,0.0,0.0,0.0,1,0,0,0,1,0,0,1,1,0,False
21.0,366.0,1136.0,795.0,132.0,0.0,1,0,0,1,0,0,0,1,0,0,False
,1722.0,4.0,937.0,0.0,0.0,0,0,1,1,0,1,0,0,1,0,False
23.0,29.0,34.0,1.0,2838.0,0.0,1,0,0,1,0,1,0,0,1,0,False
17.0,0.0,33.0,0.0,56.0,708.0,1,0,0,1,0,1,0,0,1,0,False
34.0,3551.0,1284.0,1865.0,90.0,0.0,0,1,0,1,0,1,0,0,1,0,True
31.0,880.0,0.0,0.0,8.0,0.0,1,0,0,1,0,0,0,1,1,0,False
57.0,0.0,1514.0,0.0,72.0,1393.0,0,1,0,1,0,0,0,1,1,0,False
24.0,0.0,0.0,0.0,0.0,0.0,1,0,0,0,1,0,0,1,1,0,True
44.0,1178.0,1.0,348.0,0.0,0.0,1,0,0,1,0,0,0,1,1,0,False
25.0,0.0,0.0,0.0,0.0,0.0,0,0,1,0,1,1,0,0,1,0,True
24.0,0.0,0.0,0.0,0.0,0.0,0,1,0,0,1,0,0,1,1,0,True
15.0,0.0,0.0,0.0,0.0,0.0,1,0,0,0,1,0,0,1,1,0,True
43.0,471.0,0.0,133.0,2.0,692.0,0,0,1,1,0,0,0,1,1,0,False
15.0,746.0,0.0,2.0,0.0,11.0,1,0,0,1,0,0,0,1,1,0,False
52.0,758.0,0.0,356.0,5.0,0.0,0,0,1,1,0,0,0,1,1,0,False
49.0,0.0,0.0,0.0,0.0,0.0,0,0,1,0,0,0,0,1,0,0,True
41.0,0.0,0.0,0.0,0.0,0.0,0,0,1,0,1,0,0,0,1,0,True
25.0,314.0,2.0,648.0,92.0,0.0,0,0,1,1,0,0,0,1,1,0,False
53.0,,0.0,0.0,0.0,0.0,0,0,1,0,1,1,0,0,1,0,True
58.0,,0.0,0.0,0.0,0.0,0,1,0,0,1,0,0,1,1,0,True
43.0,0.0,9923.0,660.0,10.0,266.0,0,1,0,1,0,1,0,0,1,0,True
34.0,10.0,5659.0,15.0,3.0,0.0,0,1,0,1,0,0,0,1,1,0,True
38.0,0.0,0.0,0.0,0.0,0.0,0,1,0,0,1,1,0,0,1,0,True
23.0,18.0,2595.0,0.0,0.0,122.0,1,0,0,1,0,0,0,1,1,0,True
33.0,0.0,0.0,154.0,22.0,820.0,1,0,0,1,0,0,0,1,1,0,False
0.0,0.0,0.0,0.0,0.0,0.0,1,0,0,0,1,0,0,1,1,0,True
41.0,0.0,0.0,0.0,0.0,0.0,1,0,0,0,1,0,0,1,1,0,True
24.0,165.0,0.0,981.0,2.0,0.0,0,0,1,1,0,0,0,1,1,0,True
3.0,0.0,0.0,,0.0,0.0,0,0,0,0,1,1,0,0,1,0,True
8.0,0.0,0.0,0.0,0.0,0.0,0,0,0,0,1,0,0,1,1,0,False
28.0,1581.0,213.0,0.0,18.0,3051.0,0,1,0,1,0,1,0,0,1,0,False
23.0,0.0,824.0,0.0,495.0,1479.0,0,1,0,1,0,0,0,1,1,0,True
34.0,0.0,250.0,23.0,0.0,514.0,1,0,0,1,0,0,0,1,1,0,False
40.0,0.0,11.0,0.0,2205.0,1295.0,0,1,0,1,0,0,0,1,0,1,True
50.0,357.0,0.0,657.0,0.0,0.0,0,0,1,1,0,0,0,1,1,0,False
14.0,0.0,,14.0,692.0,809.0,1,0,0,1,0,1,0,0,1,0,False
38.0,0.0,896.0,0.0,,4168.0,0,1,0,1,0,1,0,0,1,0,False
32.0,0.0,0.0,0.0,0.0,0.0,0,0,1,0,1,0,0,1,1,0,True
59.0,0.0,0.0,1.0,920.0,1.0,1,0,0,1,0,0,0,1,1,0,True
42.0,173.0,656.0,0.0,0.0,23.0,1,0,0,1,0,0,0,1,1,0,False
32.0,0.0,0.0,0.0,0.0,0.0,1,0,0,0,1,0,1,0,1,0,False
44.0,0.0,0.0,744.0,62.0,3.0,1,0,0,1,0,0,0,1,1,0,False
44.0,0.0,351.0,0.0,3.0,3447.0,0,1,0,1,0,0,0,1,1,0,False
18.0,4.0,904.0,0.0,0.0,1.0,1,0,0,1,0,0,0,1,1,0,False
9.0,0.0,0.0,0.0,0.0,0.0,1,0,0,1,0,0,0,1,1,0,False
27.0,688.0,307.0,779.0,0.0,19.0,1,0,0,1,0,1,0,0,1,0,False
24.0,0.0,0.0,443.0,244.0,1.0,1,0,0,1,0,0,1,0,1,0,False
29.0,1.0,0.0,133.0,104.0,574.0,1,0,0,1,0,0,0,0,1,0,False
23.0,0.0,0.0,0.0,0.0,0.0,0,0,1,0,1,1,0,0,1,0,True
45.0,,9.0,0.0,857.0,16.0,1,0,0,1,0,0,0,1,1,0,False
68.0,0.0,0.0,0.0,0.0,0.0,0,1,0,0,1,0,0,1,1,0,True
0.0,0.0,0.0,0.0,0.0,0.0,1,0,0,1,0,0,0,1,1,0,True
25.0,0.0,641.0,0.0,2.0,0.0,0,0,0,1,0,1,0,0,1,0,True
37.0,221.0,0.0,32.0,38.0,516.0,1,0,0,1,0,0,0,0,1,0,False
15.0,5711.0,0.0,2516.0,0.0,1370.0,0,0,1,1,0,0,0,1,1,0,False
24.0,1252.0,6.0,,123.0,706.0,1,0,0,1,0,0,0,1,1,0,False
24.0,173.0,0.0,14.0,0.0,603.0,1,0,0,1,0,0,0,1,1,0,False
32.0,0.0,53.0,0.0,744.0,0.0,1,0,0,1,0,0,0,1,1,0,False
19.0,23.0,0.0,0.0,0.0,732.0,1,0,0,1,0,0,1,0,1,0,False
37.0,608.0,0.0,6.0,0.0,1637.0,1,0,0,1,0,0,0,1,1,0,False
32.0,0.0,0.0,0.0,0.0,0.0,0,1,0,1,0,0,0,1,1,0,False
69.0,577.0,139.0,0.0,0.0,0.0,1,0,0,1,0,0,0,1,1,0,False
21.0,0.0,0.0,0.0,0.0,0.0,1,0,0,0,1,0,0,1,1,0,False
22.0,664.0,0.0,0.0,65.0,0.0,1,0,0,1,0,0,0,1,1,0,False
62.0,379.0,453.0,0.0,7.0,0.0,1,0,0,1,0,0,0,1,1,0,False
26.0,0.0,,8.0,21.0,6023.0,0,1,0,1,0,0,0,1,1,0,False
57.0,0.0,0.0,0.0,0.0,0.0,0,1,0,0,1,0,0,1,1,0,True
28.0,0.0,0.0,0.0,0.0,0.0,0,1,0,1,0,0,0,1,1,0,False
22.0,,0.0,102.0,43.0,700.0,1,0,0,1,0,0,0,1,1,0,False
22.0,2229.0,0.0,1349.0,121.0,0.0,0,0,1,1,0,1,0,0,1,0,True
30.0,0.0,0.0,0.0,0.0,0.0,0,1,0,0,1,1,0,0,1,0,True
6.0,0.0,0.0,0.0,0.0,0.0,1,0,0,0,1,0,1,0,1,0,True
21.0,0.0,0.0,0.0,0.0,0.0,1,0,0,0,1,0,0,1,1,0,True
4.0,0.0,0.0,0.0,0.0,0.0,0,0,0,0,1,0,0,1,1,0,True
30.0,0.0,4.0,1604.0,678.0,1681.0,1,0,0,1,0,0,0,1,1,0,False
26.0,912.0,0.0,43.0,0.0,0.0,0,0,1,1,0,0,0,1,1,0,False
56.0,0.0,323.0,971.0,58.0,4240.0,0,1,0,1,0,1,0,0,1,0,False
13.0,1007.0,0.0,142.0,295.0,0.0,0,0,1,1,0,0,0,1,1,0,False
34.0,0.0,0.0,0.0,0.0,0.0,0,1,0,0,1,1,0,0,1,0,True
43.0,0.0,788.0,0.0,0.0,1191.0,1,0,0,1,0,0,0,1,1,0,False
40.0,4.0,11.0,669.0,0.0,773.0,1,0,0,1,0,0,0,1,1,0,False
55.0,0.0,0.0,0.0,0.0,0.0,1,0,0,0,1,1,0,0,1,0,True
43.0,511.0,233.0,,0.0,144.0,1,0,0,1,0,1,0,0,1,0,False
0.0,0.0,0.0,0.0,0.0,0.0,1,0,0,1,0,0,0,1,1,0,False
14.0,0.0,0.0,0.0,0.0,0.0,0,0,0,0,1,0,0,1,1,0,True
23.0,0.0,1573.0,0.0,36.0,0.0,1,0,0,1,0,0,0,1,1,0,True
36.0,5.0,623.0,88.0,5.0,1.0,1,0,0,1,0,0,0,1,1,0,True
39.0,0.0,0.0,0.0,0.0,0.0,0,0,1,0,1,0,0,1,1,0,False
,16.0,0.0,799.0,0.0,37.0,1,0,0,1,0,0,0,1,1,0,False
17.0,0.0,0.0,0.0,0.0,0.0,0,1,0,0,1,1,0,0,1,0,True
27.0,158.0,0.0,1271.0,0.0,71.0,1,0,0,1,0,0,0,1,1,0,False
7.0,0.0,0.0,0.0,0.0,0.0,0,0,1,1,0,0,0,1,1,0,True
25.0,764.0,16.0,0.0,8.0,0.0,1,0,0,1,0,0,0,1,1,0,False
54.0,0.0,0.0,0.0,0.0,0.0,0,1,0,0,1,1,0,0,1,0,True
20.0,508.0,0.0,1.0,1372.0,0.0,1,0,0,1,0,0,0,1,1,0,False
21.0,0.0,0.0,0.0,,0.0,0,1,0,0,1,0,0,1,1,0,True
38.0,0.0,0.0,0.0,846.0,0.0,1,0,0,1,0,0,0,1,1,0,False
22.0,718.0,2.0,50.0,0.0,0.0,1,0,0,1,0,0,0,1,1,0,True
18.0,0.0,,14.0,625.0,0.0,1,0,0,1,0,1,0,0,1,0,False
52.0,0.0,0.0,0.0,0.0,0.0,0,1,0,0,1,0,0,1,1,0,True
14.0,,0.0,0.0,,0.0,0,1,0,0,1,1,0,0,1,0,True
25.0,0.0,0.0,0.0,0.0,0.0,0,1,0,1,0,0,0,1,0,1,True
34.0,0.0,0.0,0.0,0.0,0.0,0,1,0,0,1,0,0,1,1,0,True
20.0,915.0,12.0,25.0,205.0,311.0,0,0,1,1,0,0,0,1,1,0,True
8.0,0.0,0.0,0.0,0.0,0.0,1,0,0,0,1,1,0,0,1,0,True
0.0,0.0,0.0,0.0,0.0,0.0,1,0,0,1,0,1,0,0,1,0,True
41.0,0.0,0.0,0.0,0.0,0.0,0,1,0,0,1,0,0,1,1,0,True
26.0,0.0,0.0,0.0,0.0,0.0,0,1,0,0,1,0,0,1,1,0,True
53.0,0.0,0.0,0.0,0.0,0.0,0,1,0,0,1,1,0,0,1,0,True
31.0,0.0,0.0,0.0,0.0,0.0,1,0,0,0,1,0,1,0,1,0,True
34.0,578.0,0.0,0.0,0.0,323.0,1,0,0,1,0,0,0,1,1,0,False
55.0,0.0,0.0,0.0,0.0,0.0,1,0,0,0,1,0,0,1,1,0,True
32.0,0.0,0.0,7.0,3653.0,226.0,0,1,0,1,0,0,0,1,1,0,False
47.0,0.0,0.0,0.0,0.0,0.0,1,0,0,0,1,1,0,0,1,0,False
52.0,0.0,1429.0,0.0,1371.0,488.0,0,1,0,1,0,0,0,1,0,1,True
9.0,0.0,0.0,0.0,0.0,0.0,0,0,1,0,1,0,0,1,1,0,True
42.0,0.0,3.0,0.0,898.0,1.0,1,0,0,1,0,0,0,1,1,0,False
35.0,1.0,0.0,37.0,719.0,0.0,1,0,0,1,0,1,0,0,1,0,False
26.0,0.0,0.0,0.0,0.0,0.0,1,0,0,0,1,0,0,1,1,0,False
23.0,24.0,1.0,1264.0,0.0,0.0,0,0,1,1,0,0,0,1,1,0,True
6.0,0.0,0.0,0.0,0.0,0.0,1,0,0,1,0,1,0,0,1,0,False
37.0,308.0,35.0,415.0,10.0,0.0,1,0,0,1,0,0,1,0,1,0,True
38.0,0.0,0.0,0.0,0.0,0.0,1,0,0,0,1,0,0,1,1,0,False
11.0,0.0,0.0,0.0,0.0,0.0,1,0,0,1,0,0,0,1,1,0,True
6.0,0.0,0.0,0.0,0.0,0.0,1,0,0,1,0,1,0,0,1,0,False
55.0,0.0,5971.0,158.0,4125.0,1984.0,0,1,0,1,0,0,0,1,1,0,False
16.0,0.0,0.0,0.0,0.0,,1,0,0,0,1,0,0,1,1,0,True
48.0,0.0,12.0,0.0,7967.0,15.0,0,1,0,1,0,0,0,1,1,0,False
40.0,15.0,0.0,0.0,670.0,,1,0,0,1,0,0,1,0,1,0,False
27.0,0.0,0.0,0.0,0.0,0.0,0,1,0,0,1,0,0,1,1,0,True
31.0,0.0,1216.0,0.0,897.0,478.0,0,1,0,1,0,0,0,1,1,0,False
33.0,22.0,37.0,415.0,0.0,333.0,1,0,0,1,0,0,0,1,1,0,False
,0.0,0.0,0.0,0.0,0.0,0,0,1,0,1,0,0,1,1,0,True
0.0,0.0,0.0,0.0,0.0,0.0,1,0,0,0,1,0,0,1,1,0,True
17.0,0.0,0.0,0.0,0.0,0.0,0,1,0,0,0,0,0,1,1,0,True
26.0,0.0,0.0,0.0,0.0,0.0,0,0,0,0,1,1,0,0,1,0,True
17.0,0.0,83.0,0.0,0.0,943.0,1,0,0,1,0,0,0,1,1,0,False
42.0,1196.0,0.0,0.0,68.0,1.0,1,0,0,1,0,0,0,1,1,0,False
29.0,0.0,4.0,0.0,0.0,904.0,1,0,0,1,0,0,0,1,1,0,False
21.0,0.0,2834.0,0.0,414.0,558.0,0,1,0,1,0,0,0,1,1,0,True
36.0,0.0,0.0,0.0,,0.0,0,0,1,0,1,1,0,0,1,0,True
14.0,0.0,0.0,533.0,266.0,93.0,1,0,0,1,0,0,0,1,1,0,False
51.0,90.0,0.0,0.0,881.0,0.0,1,0,0,1,0,0,0,1,1,0,False
64.0,0.0,0.0,0.0,0.0,0.0,1,0,0,0,1,0,0,1,1,0,True
41.0,0.0,0.0,0.0,0.0,0.0,0,1,0,0,1,0,0,1,1,0,True
20.0,0.0,880.0,5.0,25.0,490.0,1,0,0,1,0,0,0,1,1,0,False
33.0,0.0,0.0,0.0,0.0,0.0,0,1,0,0,1,0,0,1,1,0,True
4.0,0.0,,0.0,0.0,0.0,1,0,0,0,0,1,0,0,1,0,True
24.0,0.0,0.0,0.0,0.0,0.0,0,1,0,0,1,0,0,1,1,0,True
46.0,0.0,0.0,0.0,1529.0,3069.0,0,1,0,1,0,1,0,0,1,0,False
26.0,0.0,0.0,0.0,0.0,0.0,0,1,0,1,0,0,0,1,1,0,False
28.0,274.0,0.0,693.0,944.0,0.0,0,0,1,0,0,0,0,1,1,0,False
33.0,44.0,630.0,18.0,96.0,0.0,1,0,0,1,0,0,0,1,1,0,False
48.0,0.0,0.0,0.0,0.0,0.0,0,1,0,0,1,1,0,0,1,0,True
26.0,0.0,597.0,0.0,0.0,212.0,0,0,0,1,0,0,0,1,1,0,False
40.0,0.0,0.0,0.0,0.0,0.0,0,0,1,0,1,0,0,1,1,0,True
23.0,1.0,0.0,778.0,8.0,,1,0,0,1,0,0,0,1,1,0,True
45.0,,0.0,0.0,0.0,0.0,0,0,1,0,1,0,0,1,0,0,True
25.0,0.0,0.0,0.0,0.0,0.0,0,0,1,0,1,0,0,1,1,0,True
31.0,0.0,0.0,0.0,0.0,0.0,0,0,1,0,1,0,0,1,1,0,True
39.0,0.0,2804.0,0.0,130.0,139.0,0,1,0,1,0,0,0,1,1,0,True
5.0,0.0,0.0,0.0,0.0,0.0,1,0,0,0,1,0,1,0,1,0,False
18.0,0.0,0.0,0.0,0.0,0.0,0,1,0,0,1,0,0,1,1,0,True
28.0,766.0,0.0,1.0,258.0,26.0,1,0,0,1,0,0,0,1,1,0,True
37.0,78.0,0.0,0.0,2948.0,0.0,0,0,1,1,0,0,0,1,1,0,False
43.0,0.0,0.0,0.0,0.0,0.0,0,0,1,0,1,0,0,1,1,0,True
55.0,14.0,0.0,0.0,3778.0,1.0,0,0,1,1,0,1,0,0,1,0,False
14.0,30.0,59.0,0.0,572.0,0.0,1,0,0,1,0,0,0,1,1,0,False
19.0,0.0,0.0,0.0,0.0,0.0,0,0,1,0,1,0,0,1,1,0,True
26.0,1178.0,7.0,0.0,7.0,0.0,0,0,1,1,0,0,0,1,1,0,False
55.0,42.0,4.0,1215.0,0.0,3.0,1,0,0,1,0,0,0,1,1,0,True
27.0,0.0,325.0,0.0,8.0,1622.0,0,1,0,1,0,0,0,1,1,0,False
28.0,0.0,0.0,0.0,0.0,0.0,0,1,0,0,0,1,0,0,1,0,True
36.0,5.0,,896.0,0.0,1.0,1,0,0,1,0,0,0,1,1,0,True
28.0,0.0,0.0,0.0,0.0,0.0,0,0,1,0,1,0,0,1,1,0,True
,0.0,0.0,0.0,0.0,0.0,0,0,1,0,1,0,0,1,1,0,True
38.0,0.0,0.0,0.0,0.0,0.0,0,1,0,0,1,1,0,0,1,0,True
50.0,43.0,661.0,1.0,85.0,0.0,1,0,0,1,0,0,0,1,1,0,False
21.0,4.0,,137.0,1640.0,455.0,0,1,0,1,0,0,0,1,1,0,False
24.0,25.0,284.0,0.0,330.0,64.0,1,0,0,1,0,0,0,1,1,0,False
30.0,0.0,0.0,0.0,0.0,0.0,0,1,0,0,1,1,0,0,1,0,True
57.0,0.0,3859.0,13.0,195.0,3874.0,0,1,0,1,0,0,0,1,1,0,False
56.0,0.0,0.0,0.0,0.0,0.0,0,1,0,0,1,0,0,1,1,0,True
28.0,1193.0,0.0,2509.0,0.0,0.0,0,0,1,1,0,0,0,1,0,1,False
27.0,3340.0,588.0,,173.0,71.0,0,1,0,1,0,1,0,0,1,0,False
34.0,0.0,4.0,0.0,685.0,1779.0,0,1,0,1,0,0,0,1,0,1,False
61.0,328.0,5193.0,0.0,20.0,533.0,0,1,0,1,0,0,0,1,1,0,True
17.0,0.0,0.0,0.0,0.0,0.0,1,0,0,0,1,1,0,0,1,0,True
19.0,0.0,312.0,2.0,76.0,418.0,1,0,0,1,0,0,0,1,1,0,False
29.0,0.0,0.0,0.0,0.0,0.0,0,1,0,0,1,0,0,1,1,0,True
19.0,0.0,827.0,5.0,55.0,0.0,1,0,0,1,0,0,0,1,1,0,False
,0.0,0.0,0.0,0.0,0.0,0,0,1,0,1,0,0,1,1,0,True
32.0,0.0,0.0,0.0,0.0,0.0,0,1,0,0,1,0,0,1,1,0,True
48.0,396.0,0.0,,0.0,297.0,1,0,0,1,0,0,0,1,1,0,False
24.0,0.0,274.0,594.0,35.0,658.0,1,0,0,1,0,0,0,1,1,0,True
18.0,381.0,4.0,0.0,0.0,368.0,1,0,0,1,0,0,0,1,1,0,False
24.0,0.0,0.0,0.0,,0.0,0,0,1,0,1,0,0,1,1,0,True
44.0,0.0,280.0,112.0,0.0,9244.0,0,1,0,1,0,1,0,0,1,0,False
28.0,80.0,828.0,0.0,4494.0,4269.0,0,1,0,1,0,0,0,1,1,0,False
20.0,0.0,,422.0,0.0,0.0,1,0,0,1,0,0,0,1,1,0,True
30.0,513.0,0.0,0.0,0.0,317.0,1,0,0,1,0,0,0,1,1,0,False
35.0,227.0,117.0,394.0,9.0,56.0,1,0,0,1,0,0,0,1,1,0,False
29.0,2.0,407.0,4509.0,1433.0,9.0,0,1,0,1,0,0,0,1,1,0,True
24.0,1.0,677.0,13.0,10.0,0.0,1,0,0,1,0,0,0,1,1,0,True
51.0,183.0,0.0,1.0,0.0,1103.0,1,0,0,1,0,1,0,0,1,0,False
55.0,0.0,0.0,0.0,0.0,0.0,0,0,1,0,1,0,0,1,1,0,True
,132.0,75.0,849.0,0.0,0.0,0,0,1,1,0,0,0,1,1,0,True
25.0,519.0,0.0,284.0,0.0,0.0,0,0,1,1,0,0,0,1,1,0,False
15.0,0.0,0.0,0.0,0.0,0.0,1,0,0,0,1,0,0,1,1,0,True
,0.0,0.0,0.0,0.0,0.0,0,1,0,0,1,1,0,0,1,0,True
67.0,0.0,0.0,0.0,0.0,0.0,0,1,0,0,1,0,0,1,1,0,True
33.0,25.0,0.0,1376.0,604.0,0.0,0,0,1,1,0,0,0,1,1,0,False
39.0,0.0,0.0,0.0,0.0,0.0,0,1,0,0,1,1,0,0,1,0,True
31.0,0.0,0.0,0.0,0.0,0.0,0,0,1,0,1,0,0,1,1,0,False
13.0,974.0,0.0,1883.0,0.0,505.0,0,0,1,1,0,0,0,1,1,0,False
,0.0,0.0,0.0,0.0,0.0,0,1,0,0,1,0,0,1,1,0,True
16.0,0.0,0.0,623.0,40.0,209.0,1,0,0,1,0,1,0,0,1,0,True
42.0,0.0,0.0,0.0,0.0,0.0,1,0,0,0,1,0,0,1,1,0,True
29.0,2478.0,0.0,31.0,4.0,11.0,1,0,0,1,0,0,0,1,1,0,False
19.0,0.0,0.0,3.0,785.0,0.0,1,0,0,1,0,0,0,1,1,0,False
36.0,0.0,0.0,0.0,0.0,0.0,1,0,0,0,1,0,1,0,1,0,True
36.0,0.0,0.0,0.0,0.0,0.0,0,0,1,0,1,0,0,1,1,0,False
1.0,0.0,0.0,0.0,0.0,0.0,1,0,0,0,1,0,0,1,1,0,False
20.0,9.0,0.0,1462.0,94.0,54.0,1,0,0,1,0,0,0,1,1,0,True
18.0,95.0,0.0,0.0,13.0,622.0,1,0,0,1,0,0,0,1,1,0,False
9.0,0.0,0.0,0.0,0.0,0.0,1,0,0,0,1,0,0,1,1,0,True
18.0,716.0,,0.0,0.0,0.0,1,0,0,1,0,0,0,1,1,0,False
42.0,0.0,1249.0,0.0,1313.0,1148.0,0,1,0,1,0,1,0,0,1,0,True
28.0,3.0,1300.0,0.0,1250.0,1148.0,0,1,0,1,0,0,0,0,1,0,False
37.0,0.0,0.0,0.0,0.0,0.0,0,1,0,0,1,1,0,0,1,0,True
29.0,0.0,0.0,0.0,1819.0,1.0,1,0,0,1,0,1,0,0,1,0,False
18.0,659.0,0.0,2316.0,0.0,23.0,0,0,1,1,0,0,0,1,1,0,True
18.0,0.0,0.0,0.0,0.0,0.0,1,0,0,0,1,0,1,0,1,0,False
60.0,2739.0,0.0,0.0,0.0,0.0,0,0,1,1,0,0,0,1,0,1,False
18.0,325.0,0.0,477.0,50.0,5.0,1,0,0,1,0,0,0,1,1,0,False
45.0,0.0,0.0,0.0,0.0,0.0,1,0,0,0,1,0,0,1,1,0,True
41.0,1144.0,12.0,14.0,22.0,0.0,0,0,1,1,0,0,0,1,1,0,False
28.0,653.0,0.0,0.0,0.0,20.0,1,0,0,1,0,0,0,1,1,0,False
21.0,0.0,0.0,0.0,0.0,0.0,1,0,0,0,1,0,0,1,1,0,True
19.0,46.0,0.0,675.0,0.0,0.0,1,0,0,1,0,0,0,1,1,0,True
33.0,400.0,270.0,33.0,0.0,0.0,1,0,0,1,0,0,1,0,1,0,False
43.0,1448.0,0.0,150.0,0.0,0.0,0,0,1,1,0,0,0,1,1,0,False
40.0,0.0,0.0,310.0,1.0,421.0,1,0,0,1,0,0,1,0,1,0,False
27.0,0.0,0.0,2.0,0.0,808.0,1,0,0,1,0,1,0,0,1,0,False
25.0,0.0,83.0,0.0,439.0,0.0,1,0,0,1,0,1,0,0,1,0,False
0.0,0.0,0.0,0.0,0.0,0.0,1,0,0,0,1,0,0,1,1,0,True
3.0,0.0,0.0,0.0,0.0,0.0,1,0,0,0,1,0,0,1,1,0,True
17.0,3.0,83.0,927.0,0.0,1.0,1,0,0,1,0,0,0,1,1,0,True
4.0,0.0,0.0,0.0,0.0,0.0,1,0,0,1,0,0,0,1,1,0,False
34.0,309.0,542.0,0.0,0.0,55.0,1,0,0,1,0,1,0,0,1,0,False
29.0,0.0,0.0,0.0,0.0,0.0,1,0,0,0,1,0,1,0,1,0,True
10.0,0.0,0.0,0.0,0.0,0.0,1,0,0,0,1,0,0,1,1,0,False
13.0,0.0,0.0,0.0,0.0,0.0,1,0,0,0,0,0,1,0,1,0,True
38.0,0.0,0.0,0.0,0.0,0.0,0,0,1,0,1,0,0,1,1,0,False
22.0,0.0,0.0,0.0,0.0,0.0,1,0,0,0,1,0,0,1,1,0,True
25.0,1339.0,1.0,360.0,0.0,0.0,1,0,0,1,0,0,0,1,1,0,False
60.0,0.0,0.0,,0.0,0.0,1,0,0,0,1,0,0,1,1,0,True
23.0,1616.0,0.0,1.0,0.0,2.0,1,0,0,1,0,0,0,1,1,0,False
26.0,0.0,1549.0,0.0,0.0,766.0,0,1,0,1,0,0,0,1,1,0,True
46.0,227.0,0.0,1546.0,3.0,2.0,0,0,1,1,0,0,0,1,1,0,True
30.0,0.0,0.0,0.0,0.0,0.0,1,0,0,0,1,0,0,1,1,0,False
48.0,0.0,0.0,0.0,0.0,0.0,0,1,0,0,1,0,0,1,1,0,True
48.0,0.0,0.0,0.0,0.0,0.0,0,1,0,0,1,1,0,0,1,0,True
31.0,0.0,0.0,0.0,0.0,0.0,0,0,1,0,1,0,0,1,1,0,True
19.0,0.0,0.0,0.0,0.0,0.0,0,0,1,0,1,0,0,1,1,0,True
43.0,0.0,0.0,,0.0,0.0,0,1,0,0,1,0,0,1,1,0,True
15.0,0.0,0.0,0.0,0.0,0.0,1,0,0,0,1,1,0,0,1,0,True
23.0,0.0,0.0,0.0,0.0,0.0,0,0,1,0,1,0,0,1,1,0,True
15.0,,2.0,15.0,5.0,842.0,1,0,0,1,0,0,0,1,1,0,False
38.0,0.0,18.0,30.0,0.0,832.0,1,0,0,1,0,0,0,1,1,0,False
19.0,0.0,0.0,4.0,6.0,773.0,1,0,0,1,0,0,0,1,1,0,False
30.0,0.0,1172.0,183.0,91.0,0.0,0,1,0,1,0,0,0,1,0,1,True
22.0,0.0,13.0,524.0,7.0,0.0,1,0,0,1,0,0,0,1,1,0,False
25.0,0.0,0.0,0.0,0.0,0.0,0,0,0,0,1,0,0,1,1,0,True
23.0,4.0,157.0,142.0,,196.0,1,0,0,1,0,0,1,0,1,0,False
32.0,1331.0,416.0,0.0,665.0,64.0,0,0,1,1,0,0,0,1,1,0,False
19.0,1184.0,88.0,0.0,0.0,334.0,0,0,1,1,0,1,0,0,1,0,True
21.0,0.0,0.0,23.0,820.0,22.0,1,0,0,1,0,0,0,1,1,0,False
24.0,0.0,0.0,1435.0,10.0,0.0,1,0,0,1,0,1,0,0,1,0,True
47.0,0.0,4983.0,0.0,173.0,43.0,0,1,0,1,0,0,0,1,1,0,True
36.0,0.0,0.0,0.0,0.0,0.0,0,1,0,0,1,1,0,0,1,0,True
31.0,0.0,0.0,0.0,0.0,0.0,0,1,0,0,0,0,0,1,1,0,True
30.0,0.0,10.0,0.0,3840.0,329.0,1,0,0,1,0,0,0,1,1,0,False
25.0,0.0,0.0,0.0,0.0,0.0,0,1,0,0,1,0,0,1,1,0,True
62.0,0.0,22.0,0.0,3314.0,22.0,0,1,0,1,0,0,0,1,1,0,False
37.0,0.0,0.0,115.0,671.0,0.0,1,0,0,1,0,0,0,1,1,0,False
39.0,0.0,266.0,0.0,1254.0,197.0,0,1,0,1,0,0,0,1,1,0,False
63.0,0.0,490.0,1.0,2882.0,18.0,0,1,0,0,0,0,0,1,1,0,False
39.0,9.0,1525.0,0.0,0.0,146.0,0,1,0,1,0,0,0,1,1,0,False
26.0,1.0,1269.0,4790.0,270.0,5116.0,0,1,0,1,0,1,0,0,1,0,False
19.0,0.0,2.0,0.0,669.0,0.0,1,0,0,1,0,0,1,0,1,0,False
29.0,646.0,91.0,13.0,0.0,0.0,1,0,0,1,0,0,0,1,1,0,True
41.0,14.0,6777.0,81.0,604.0,2936.0,0,1,0,1,0,1,0,0,1,0,False
33.0,0.0,0.0,0.0,0.0,0.0,0,1,0,0,1,1,0,0,1,0,True
6.0,0.0,0.0,0.0,0.0,0.0,1,0,0,0,1,1,0,0,1,0,True
21.0,0.0,0.0,0.0,0.0,0.0,1,0,0,0,1,0,1,0,1,0,True
25.0,0.0,0.0,0.0,0.0,0.0,0,0,1,0,1,0,0,1,1,0,True
34.0,0.0,0.0,0.0,0.0,0.0,0,0,1,0,1,0,0,1,1,0,False
47.0,2044.0,0.0,95.0,0.0,120.0,0,0,1,1,0,0,0,1,1,0,False
37.0,33.0,3484.0,17.0,4.0,1384.0,0,1,0,1,0,0,0,1,1,0,True
23.0,118.0,0.0,949.0,206.0,2071.0,0,0,1,1,0,0,0,1,1,0,False
40.0,0.0,17687.0,0.0,425.0,155.0,0,1,0,1,0,1,0,0,1,0,True
39.0,106.0,243.0,126.0,7.0,4967.0,0,1,0,1,0,1,0,0,1,0,False
22.0,0.0,0.0,0.0,0.0,0.0,0,0,0,0,1,0,0,1,1,0,True
43.0,0.0,168.0,3.0,0.0,452.0,1,0,0,1,0,0,1,0,1,0,True
54.0,0.0,0.0,0.0,0.0,0.0,0,1,0,1,0,0,0,1,1,0,True
8.0,0.0,0.0,0.0,0.0,0.0,0,0,1,0,1,0,0,1,1,0,True
13.0,38.0,0.0,0.0,733.0,0.0,1,0,0,1,0,1,0,0,1,0,False
18.0,754.0,0.0,34.0,0.0,0.0,1,0,0,1,0,0,0,1,1,0,False
35.0,0.0,0.0,0.0,0.0,0.0,1,0,0,0,1,0,1,0,1,0,True
32.0,689.0,0.0,610.0,0.0,0.0,0,0,1,1,0,0,0,1,1,0,False
0.0,0.0,0.0,0.0,0.0,0.0,0,0,1,1,0,1,0,0,1,0,True
45.0,941.0,281.0,36.0,12.0,39.0,0,0,1,1,0,0,0,1,1,0,False
31.0,0.0,0.0,0.0,0.0,0.0,0,1,0,0,1,1,0,0,0,1,True
38.0,2.0,114.0,771.0,3094.0,448.0,0,1,0,1,0,0,0,1,1,0,False
33.0,0.0,4017.0,,,2260.0,0,1,0,0,0,0,0,1,1,0,True
65.0,0.0,7194.0,0.0,6.0,,0,1,0,1,0,1,0,0,1,0,True
22.0,0.0,0.0,0.0,0.0,0.0,0,1,0,0,1,1,0,0,1,0,True
28.0,0.0,2560.0,0.0,134.0,307.0,0,1,0,1,0,0,0,1,1,0,False
43.0,31.0,76.0,0.0,1353.0,1713.0,0,1,0,1,0,0,0,1,1,0,False
26.0,0.0,0.0,0.0,0.0,0.0,0,1,0,0,1,0,0,1,1,0,True
43.0,0.0,39.0,327.0,4643.0,85.0,0,1,0,1,0,1,0,0,1,0,False
28.0,1549.0,0.0,5.0,0.0,0.0,1,0,0,1,0,0,0,1,1,0,False
9.0,0.0,0.0,0.0,0.0,0.0,1,0,0,1,0,0,0,1,1,0,True
34.0,0.0,0.0,0.0,0.0,0.0,0,0,1,0,1,0,0,1,1,0,True
28.0,0.0,0.0,0.0,0.0,0.0,0,0,1,0,1,0,0,1,1,0,True
4.0,0.0,0.0,0.0,0.0,0.0,1,0,0,0,1,0,1,0,1,0,True
11.0,0.0,0.0,0.0,0.0,,1,0,0,1,0,0,0,1,1,0,False
7.0,0.0,0.0,0.0,0.0,0.0,1,0,0,1,0,0,0,1,1,0,False
22.0,0.0,0.0,0.0,0.0,0.0,0,0,0,0,1,0,0,1,1,0,True
25.0,1340.0,0.0,8.0,0.0,0.0,0,0,1,1,0,0,0,1,1,0,False
43.0,26.0,132.0,3.0,117.0,555.0,1,0,0,1,0,1,0,0,1,0,False
15.0,0.0,0.0,0.0,0.0,0.0,1,0,0,0,1,0,0,1,1,0,True
20.0,0.0,25.0,0.0,0.0,803.0,1,0,0,1,0,0,0,1,1,0,True
28.0,0.0,180.0,516.0,,,1,0,0,1,0,0,0,1,1,0,True
55.0,0.0,102.0,0.0,278.0,5353.0,0,1,0,1,0,0,1,0,0,1,False
30.0,,43.0,0.0,0.0,6.0,1,0,0,1,0,0,0,1,1,0,False
1.0,0.0,0.0,0.0,0.0,0.0,0,0,1,0,1,0,0,1,1,0,True
64.0,77.0,2424.0,0.0,3001.0,127.0,0,1,0,1,0,0,0,1,1,0,False
27.0,267.0,2802.0,0.0,54.0,77.0,0,1,0,1,0,0,0,1,1,0,True
28.0,0.0,0.0,0.0,0.0,0.0,0,0,0,0,1,0,0,1,1,0,True
36.0,0.0,0.0,0.0,725.0,2.0,1,0,0,1,0,1,0,0,1,0,False
31.0,2.0,20.0,1.0,1026.0,2.0,1,0,0,1,0,1,0,0,1,0,True
42.0,36.0,0.0,2554.0,0.0,9.0,0,0,1,1,0,0,0,1,1,0,True
25.0,0.0,0.0,0.0,0.0,0.0,1,0,0,0,1,1,0,0,1,0,True
34.0,0.0,,21.0,7.0,16.0,0,1,0,1,0,0,1,0,0,1,True
24.0,0.0,0.0,0.0,0.0,0.0,0,1,0,0,1,1,0,0,1,0,True
45.0,0.0,7484.0,465.0,14.0,610.0,0,1,0,1,0,0,0,1,1,0,True
41.0,454.0,297.0,0.0,2.0,0.0,1,0,0,1,0,0,1,0,1,0,False
62.0,0.0,1633.0,0.0,1742.0,0.0,0,1,0,1,0,0,0,1,0,1,True
,0.0,0.0,0.0,0.0,0.0,0,1,0,0,1,0,0,1,1,0,True
30.0,77.0,2325.0,5.0,117.0,1.0,1,0,0,1,0,0,0,0,1,0,True
41.0,0.0,,,0.0,0.0,1,0,0,0,1,1,0,0,1,0,False
38.0,0.0,172.0,615.0,0.0,0.0,1,0,0,1,0,0,0,1,1,0,True
27.0,14327.0,1487.0,0.0,1.0,0.0,0,1,0,1,0,0,0,1,1,0,False
29.0,0.0,920.0,0.0,2052.0,3687.0,0,1,0,1,0,0,0,1,0,1,False
21.0,3148.0,0.0,1.0,0.0,0.0,0,0,1,1,0,0,0,1,1,0,False
40.0,0.0,0.0,0.0,0.0,0.0,1,0,0,0,1,0,0,1,1,0,True
61.0,0.0,0.0,0.0,0.0,0.0,1,0,0,0,1,0,1,0,1,0,True
16.0,0.0,0.0,0.0,0.0,0.0,1,0,0,0,1,0,0,1,1,0,False
20.0,0.0,3.0,0.0,1271.0,2630.0,0,1,0,1,0,0,0,1,1,0,True
28.0,0.0,0.0,0.0,0.0,0.0,0,1,0,0,1,0,0,1,1,0,True
37.0,8.0,21.0,0.0,56.0,2167.0,0,1,0,1,0,0,0,1,1,0,True
50.0,0.0,1338.0,0.0,40.0,6178.0,0,1,0,1,0,0,0,0,1,0,False
29.0,574.0,0.0,4940.0,1831.0,2.0,0,0,1,1,0,0,0,1,1,0,False
35.0,0.0,0.0,0.0,0.0,0.0,0,0,1,0,1,0,0,1,1,0,True
0.0,0.0,0.0,0.0,0.0,0.0,0,0,1,1,0,1,0,0,0,0,True
30.0,25.0,245.0,198.0,2.0,321.0,1,0,0,1,0,1,0,0,1,0,False
54.0,0.0,0.0,,0.0,0.0,0,1,0,0,1,1,0,0,1,0,True
44.0,248.0,0.0,0.0,0.0,623.0,1,0,0,1,0,0,0,1,1,0,False
22.0,0.0,669.0,121.0,0.0,56.0,1,0,0,1,0,0,0,1,1,0,True
22.0,256.0,0.0,0.0,0.0,373.0,1,0,0,1,0,1,0,0,1,0,False
27.0,0.0,0.0,0.0,0.0,,0,1,0,0,1,1,0,0,1,0,True
29.0,0.0,0.0,0.0,0.0,0.0,0,1,0,0,1,1,0,0,1,0,True
19.0,2.0,0.0,,9.0,754.0,1,0,0,1,0,0,0,1,1,0,False
36.0,13.0,1480.0,1.0,1439.0,1955.0,0,1,0,1,0,1,0,0,1,0,False
13.0,21.0,0.0,1564.0,0.0,1.0,0,0,1,1,0,0,0,1,1,0,True
18.0,211.0,594.0,2.0,493.0,62.0,1,0,0,1,0,0,0,1,1,0,True
1.0,0.0,0.0,,0.0,0.0,1,0,0,0,1,0,0,1,1,0,True
44.0,22.0,1.0,0.0,864.0,0.0,1,0,0,1,0,0,0,1,1,0,False
27.0,665.0,631.0,1.0,,0.0,0,0,1,1,0,0,0,1,1,0,False
30.0,0.0,0.0,0.0,0.0,0.0,1,0,0,0,1,0,1,0,0,0,True
14.0,363.0,44.0,0.0,0.0,512.0,1,0,0,1,0,1,0,0,1,0,True
45.0,944.0,292.0,2.0,,0.0,0,0,1,1,0,0,0,1,1,0,False
23.0,2260.0,0.0,152.0,106.0,60.0,0,0,1,1,0,0,0,1,1,0,False
30.0,4531.0,212.0,10.0,157.0,12.0,0,1,0,1,0,0,0,1,1,0,False
19.0,423.0,,0.0,0.0,0.0,1,0,0,1,0,1,0,0,1,0,False
17.0,0.0,0.0,1875.0,142.0,2.0,1,0,0,1,0,0,0,1,1,0,True
18.0,0.0,0.0,0.0,0.0,0.0,0,0,1,0,1,0,0,1,1,0,True
22.0,126.0,3.0,0.0,1305.0,0.0,1,0,0,1,0,1,0,0,1,0,False
23.0,0.0,0.0,874.0,,0.0,1,0,0,1,0,0,0,1,1,0,True
22.0,0.0,0.0,0.0,0.0,0.0,0,1,0,0,1,0,0,1,1,0,True
40.0,176.0,932.0,0.0,0.0,,1,0,0,1,0,0,0,1,1,0,False
28.0,647.0,1.0,32.0,71.0,140.0,1,0,0,1,0,0,0,1,1,0,True
40.0,0.0,0.0,0.0,0.0,0.0,1,0,0,0,1,0,0,1,1,0,True
52.0,0.0,837.0,1.0,2.0,8.0,1,0,0,1,0,0,0,1,1,0,False
23.0,62.0,0.0,0.0,1.0,2203.0,1,0,0,1,0,1,0,0,1,0,False
59.0,460.0,139.0,0.0,1.0,0.0,1,0,0,1,0,1,0,0,1,0,False
19.0,1301.0,0.0,31.0,1.0,0.0,0,0,1,1,0,0,0,1,1,0,True
19.0,0.0,0.0,0.0,0.0,0.0,0,0,1,0,1,0,0,1,1,0,True
59.0,0.0,0.0,0.0,0.0,0.0,1,0,0,0,1,1,0,0,1,0,True
23.0,197.0,76.0,5635.0,7.0,0.0,0,0,1,1,0,0,0,1,1,0,True
25.0,0.0,0.0,0.0,0.0,0.0,1,0,0,0,1,0,1,0,1,0,True
32.0,2756.0,125.0,9.0,0.0,103.0,1,0,0,1,0,0,0,1,1,0,False
42.0,642.0,282.0,0.0,0.0,0.0,1,0,0,1,0,1,0,0,1,0,True
43.0,0.0,0.0,0.0,0.0,0.0,1,0,0,0,1,0,0,1,1,0,True
27.0,0.0,0.0,0.0,0.0,0.0,0,1,0,0,1,0,0,1,1,0,True
26.0,1033.0,172.0,26.0,0.0,518.0,0,0,1,1,0,0,0,1,0,1,False
26.0,1331.0,0.0,973.0,484.0,0.0,0,0,0,1,0,0,0,1,1,0,False
41.0,4.0,4619.0,0.0,251.0,213.0,0,1,0,1,0,0,0,1,1,0,True
36.0,0.0,0.0,0.0,474.0,12.0,1,0,0,1,0,1,0,0,1,0,False
24.0,5.0,1.0,7.0,0.0,895.0,1,0,0,1,0,0,0,1,1,0,False
16.0,1285.0,,14.0,1386.0,0.0,0,0,1,1,0,0,0,1,1,0,False
24.0,1157.0,0.0,0.0,131.0,0.0,0,0,1,1,0,0,0,1,1,0,True
26.0,0.0,21.0,10424.0,1373.0,7218.0,0,1,0,1,0,0,0,1,1,0,False
39.0,10.0,199.0,0.0,6216.0,101.0,0,1,0,1,0,1,0,0,1,0,False
23.0,228.0,1451.0,912.0,3.0,0.0,0,0,1,1,0,1,0,0,1,0,True
27.0,0.0,867.0,0.0,20.0,1371.0,0,1,0,1,0,1,0,0,1,0,False
54.0,0.0,8246.0,0.0,56.0,118.0,0,1,0,1,0,0,0,1,1,0,True
18.0,,794.0,16.0,0.0,0.0,1,0,0,1,0,0,0,1,1,0,True
22.0,0.0,0.0,0.0,1600.0,168.0,1,0,0,1,0,1,0,0,1,0,True
19.0,0.0,3750.0,0.0,0.0,41.0,0,1,0,1,0,0,0,1,1,0,True
0.0,0.0,0.0,0.0,0.0,0.0,1,0,0,0,0,0,0,1,1,0,False
49.0,9.0,179.0,0.0,3.0,7865.0,0,1,0,1,0,1,0,0,0,1,False
61.0,0.0,0.0,0.0,0.0,0.0,0,0,1,0,1,0,0,1,1,0,True
56.0,0.0,0.0,0.0,0.0,0.0,0,1,0,0,1,0,0,1,1,0,True
17.0,,0.0,0.0,0.0,0.0,1,0,0,0,1,0,1,0,1,0,True
28.0,29.0,394.0,0.0,712.0,4360.0,0,1,0,1,0,0,0,1,1,0,False
25.0,0.0,0.0,0.0,0.0,0.0,0,0,1,0,1,0,0,1,1,0,True
31.0,0.0,679.0,0.0,0.0,213.0,1,0,0,1,0,0,0,1,1,0,True
16.0,43.0,0.0,0.0,1893.0,119.0,1,0,0,1,0,0,0,1,1,0,False
21.0,0.0,1.0,2832.0,0.0,0.0,0,0,1,1,0,0,0,1,1,0,True
19.0,0.0,0.0,0.0,0.0,0.0,1,0,0,0,1,1,0,0,1,0,True
9.0,0.0,0.0,0.0,0.0,0.0,0,0,0,1,0,0,0,1,1,0,True
20.0,859.0,3.0,0.0,939.0,0.0,0,0,1,1,0,0,0,1,1,0,False
16.0,0.0,0.0,0.0,0.0,0.0,1,0,0,0,1,0,0,1,1,0,True
21.0,0.0,0.0,0.0,0.0,0.0,0,1,0,0,1,1,0,0,1,0,True
29.0,0.0,4198.0,227.0,1.0,1415.0,0,1,0,1,0,0,0,1,1,0,True
39.0,98.0,0.0,125.0,0.0,1082.0,0,0,1,1,0,1,0,0,1,0,False
30.0,0.0,0.0,0.0,0.0,0.0,1,0,0,0,1,0,0,1,1,0,True
4.0,0.0,0.0,0.0,0.0,0.0,1,0,0,0,1,0,0,1,1,0,True
0.0,0.0,0.0,0.0,0.0,0.0,1,0,0,1,0,0,0,1,1,0,True
20.0,949.0,0.0,0.0,5.0,0.0,0,0,0,1,0,0,0,1,1,0,False
18.0,0.0,0.0,0.0,0.0,0.0,0,1,0,0,1,0,0,1,1,0,True
20.0,0.0,4.0,761.0,22.0,1.0,1,0,0,1,0,0,0,0,1,0,True
2.0,0.0,0.0,0.0,0.0,0.0,1,0,0,1,0,0,0,1,1,0,True
26.0,168.0,,382.0,166.0,0.0,1,0,0,1,0,0,0,1,1,0,True
24.0,0.0,0.0,56.0,564.0,880.0,1,0,0,1,0,0,0,1,1,0,False
38.0,218.0,0.0,586.0,770.0,0.0,0,0,1,1,0,0,0,1,1,0,False
25.0,922.0,0.0,1.0,91.0,0.0,0,0,1,1,0,0,0,1,1,0,False
22.0,0.0,0.0,0.0,0.0,0.0,0,0,1,0,1,0,0,1,1,0,True
16.0,0.0,0.0,0.0,0.0,0.0,0,1,0,0,1,0,0,1,1,0,True
26.0,41.0,0.0,444.0,572.0,0.0,0,0,1,1,0,0,0,1,1,0,False
70.0,241.0,1065.0,0.0,2290.0,2.0,0,1,0,1,0,0,0,1,1,0,True
14.0,0.0,0.0,0.0,0.0,0.0,1,0,0,0,1,0,0,1,1,0,True
20.0,0.0,0.0,0.0,0.0,0.0,0,0,1,0,1,0,0,1,1,0,True
29.0,0.0,10.0,0.0,594.0,120.0,1,0,0,1,0,0,0,1,1,0,False
39.0,0.0,2868.0,0.0,5.0,1968.0,0,1,0,1,0,1,0,0,0,1,True
26.0,0.0,196.0,0.0,0.0,487.0,1,0,0,1,0,0,0,1,1,0,True
31.0,1177.0,2.0,0.0,,1.0,1,0,0,1,0,0,0,1,1,0,False
25.0,0.0,4313.0,0.0,175.0,60.0,0,1,0,1,0,0,0,1,1,0,True
21.0,0.0,0.0,0.0,0.0,0.0,0,1,0,0,1,0,0,1,1,0,True
9.0,0.0,0.0,0.0,0.0,0.0,1,0,0,1,0,0,0,1,1,0,False
27.0,0.0,0.0,0.0,0.0,0.0,0,1,0,0,1,0,0,1,1,0,True
32.0,0.0,1301.0,0.0,94.0,356.0,0,1,0,1,0,0,0,1,1,0,False
15.0,0.0,0.0,0.0,0.0,0.0,1,0,0,0,1,1,0,0,1,0,True
35.0,0.0,0.0,0.0,0.0,0.0,0,1,0,0,1,1,0,0,1,0,True
13.0,0.0,0.0,0.0,0.0,0.0,0,1,0,0,1,0,0,1,1,0,True
30.0,0.0,95.0,0.0,1202.0,5558.0,0,1,0,1,0,0,0,1,1,0,False
42.0,0.0,0.0,8.0,3409.0,0.0,1,0,0,1,0,0,0,1,1,0,False
48.0,581.0,6.0,1.0,158.0,0.0,0,0,1,1,0,0,0,1,1,0,False
32.0,2497.0,0.0,101.0,0.0,0.0,0,0,1,1,0,0,0,1,0,0,False
24.0,0.0,0.0,0.0,0.0,0.0,1,0,0,0,1,0,0,1,1,0,True
30.0,0.0,0.0,0.0,0.0,0.0,0,0,1,0,1,1,0,0,1,0,True
38.0,766.0,38.0,0.0,0.0,0.0,1,0,0,1,0,0,0,1,1,0,False
32.0,1781.0,0.0,654.0,580.0,0.0,0,0,1,1,0,0,0,1,1,0,False
33.0,748.0,130.0,1047.0,458.0,0.0,0,0,1,1,0,0,0,1,1,0,False
38.0,20.0,3960.0,153.0,280.0,1674.0,0,1,0,1,0,0,0,1,1,0,False
16.0,481.0,0.0,166.0,0.0,122.0,1,0,0,1,0,0,1,0,1,0,False
39.0,0.0,829.0,0.0,1.0,0.0,1,0,0,1,0,0,0,1,1,0,True
64.0,469.0,700.0,2.0,1.0,0.0,0,0,0,1,0,0,0,1,1,0,False
33.0,2.0,0.0,0.0,,720.0,1,0,0,1,0,1,0,0,1,0,True
7.0,0.0,0.0,0.0,0.0,0.0,1,0,0,0,1,0,0,1,1,0,True
30.0,0.0,59.0,18.0,639.0,0.0,1,0,0,1,0,1,0,0,1,0,False
32.0,0.0,0.0,,0.0,0.0,1,0,0,0,1,0,0,1,1,0,True
16.0,0.0,0.0,0.0,0.0,0.0,1,0,0,0,1,0,1,0,1,0,True
,848.0,1497.0,2.0,0.0,0.0,0,0,1,1,0,0,0,1,1,0,False
39.0,0.0,1.0,0.0,739.0,0.0,1,0,0,1,0,0,0,1,1,0,False
20.0,489.0,126.0,663.0,214.0,0.0,0,0,1,1,0,0,0,1,1,0,False
24.0,0.0,0.0,0.0,0.0,0.0,0,0,1,0,1,0,0,1,1,0,True
28.0,0.0,0.0,0.0,0.0,0.0,0,1,0,0,1,0,0,1,1,0,True
15.0,0.0,22.0,6805.0,0.0,531.0,0,1,0,1,0,0,0,1,1,0,True
23.0,0.0,551.0,59.0,720.0,14.0,1,0,0,1,0,0,0,1,1,0,False
0.0,0.0,0.0,0.0,0.0,,1,0,0,1,0,0,0,1,1,0,True
19.0,1.0,1.0,,0.0,1755.0,1,0,0,1,0,0,0,1,1,0,False
0.0,0.0,0.0,0.0,0.0,0.0,1,0,0,0,1,1,0,0,1,0,True
18.0,0.0,288.0,35.0,0.0,435.0,1,0,0,1,0,0,0,1,1,0,False
33.0,0.0,0.0,0.0,0.0,0.0,0,0,1,0,1,0,0,1,1,0,True
28.0,0.0,0.0,0.0,0.0,0.0,0,0,1,0,0,0,0,1,1,0,False
37.0,0.0,0.0,0.0,0.0,0.0,1,0,0,0,1,0,0,1,1,0,True
23.0,0.0,0.0,0.0,0.0,0.0,1,0,0,0,1,1,0,0,1,0,True
57.0,1696.0,0.0,1006.0,0.0,27.0,0,0,1,1,0,0,0,1,1,0,False
72.0,2445.0,3023.0,0.0,704.0,20.0,0,1,0,1,0,1,0,0,1,0,False
49.0,0.0,3991.0,298.0,289.0,2740.0,0,1,0,1,0,0,0,1,1,0,False
34.0,0.0,0.0,0.0,0.0,0.0,0,0,1,0,1,0,0,1,1,0,True
18.0,0.0,0.0,0.0,0.0,0.0,1,0,0,0,1,1,0,0,1,0,True
17.0,0.0,823.0,0.0,1168.0,14.0,1,0,0,1,0,0,0,1,1,0,False
8.0,0.0,0.0,0.0,0.0,0.0,1,0,0,0,1,1,0,0,1,0,True
23.0,765.0,5.0,0.0,0.0,0.0,1,0,0,1,0,0,0,1,1,0,False
61.0,0.0,0.0,0.0,0.0,0.0,0,1,0,0,1,0,0,1,1,0,True
19.0,0.0,785.0,0.0,0.0,19.0,1,0,0,1,0,0,0,1,1,0,True
68.0,0.0,0.0,970.0,0.0,0.0,1,0,0,1,0,0,0,1,1,0,True
16.0,0.0,0.0,0.0,0.0,0.0,1,0,0,0,1,0,0,1,1,0,True
19.0,0.0,0.0,0.0,0.0,0.0,0,0,1,0,1,0,0,1,1,0,False
27.0,0.0,0.0,0.0,0.0,0.0,0,1,0,0,1,0,0,1,1,0,True
35.0,0.0,0.0,0.0,0.0,0.0,0,1,0,0,1,0,0,0,1,0,True
15.0,643.0,0.0,45.0,0.0,10.0,0,0,1,1,0,0,0,1,1,0,False
43.0,635.0,53.0,0.0,3.0,0.0,1,0,0,1,0,0,1,0,1,0,True
13.0,56.0,1706.0,15.0,0.0,23.0,1,0,0,1,0,0,0,1,1,0,False
35.0,0.0,0.0,0.0,0.0,0.0,1,0,0,0,1,1,0,0,1,0,True
33.0,0.0,0.0,0.0,0.0,0.0,0,0,0,0,1,0,0,1,1,0,True
38.0,0.0,1198.0,48.0,278.0,1244.0,0,1,0,1,0,1,0,0,1,0,False
62.0,0.0,0.0,0.0,0.0,0.0,0,1,0,0,1,0,0,1,1,0,True
45.0,0.0,0.0,2332.0,84.0,0.0,1,0,0,1,0,0,0,1,1,0,True
14.0,0.0,0.0,325.0,247.0,305.0,1,0,0,1,0,0,0,1,1,0,False
,0.0,0.0,0.0,0.0,0.0,0,0,1,0,1,0,0,1,1,0,True
9.0,0.0,0.0,0.0,0.0,,1,0,0,1,0,0,0,1,1,0,True
15.0,0.0,0.0,973.0,29.0,0.0,1,0,0,1,0,0,0,1,1,0,True
33.0,0.0,4372.0,0.0,4103.0,0.0,0,1,0,1,0,0,0,1,1,0,True
4.0,0.0,0.0,0.0,0.0,0.0,1,0,0,1,0,0,0,1,1,0,False
20.0,0.0,0.0,0.0,0.0,0.0,1,0,0,0,1,0,0,1,1,0,True
44.0,69.0,0.0,17.0,176.0,2105.0,1,0,0,1,0,0,0,1,1,0,False
20.0,0.0,0.0,0.0,0.0,0.0,1,0,0,0,1,0,1,0,1,0,True
27.0,0.0,0.0,,0.0,0.0,0,1,0,0,1,1,0,0,1,0,True
39.0,0.0,11856.0,13.0,39.0,3.0,0,1,0,1,0,0,0,1,1,0,True
35.0,0.0,7636.0,0.0,353.0,705.0,0,1,0,1,0,0,0,1,1,0,True
32.0,70.0,764.0,724.0,547.0,1297.0,0,1,0,1,0,1,0,0,1,0,False
35.0,247.0,436.0,459.0,1.0,1984.0,0,1,0,1,0,0,0,1,0,1,False
18.0,0.0,625.0,0.0,0.0,356.0,1,0,0,1,0,0,0,1,1,0,False
23.0,88.0,0.0,586.0,0.0,0.0,1,0,0,1,0,0,0,1,1,0,True
19.0,5.0,0.0,0.0,716.0,0.0,1,0,0,1,0,0,1,0,1,0,False
23.0,0.0,0.0,0.0,0.0,0.0,1,0,0,0,0,0,0,1,1,0,False
33.0,2233.0,6408.0,,23.0,273.0,0,1,0,1,0,0,0,1,1,0,True
21.0,0.0,0.0,0.0,0.0,0.0,0,1,0,0,1,1,0,0,1,0,True
47.0,14.0,3.0,0.0,1720.0,0.0,1,0,0,1,0,0,1,0,1,0,False
46.0,183.0,7.0,637.0,182.0,5.0,1,0,0,1,0,0,0,0,1,0,True
26.0,0.0,0.0,0.0,0.0,0.0,1,0,0,0,1,0,0,1,1,0,False
18.0,0.0,3.0,41.0,359.0,393.0,1,0,0,1,0,0,0,1,1,0,False
53.0,751.0,0.0,,7.0,0.0,1,0,0,1,0,0,0,1,1,0,False
28.0,0.0,0.0,0.0,0.0,0.0,1,0,0,0,1,0,0,1,1,0,True
3.0,0.0,0.0,0.0,0.0,0.0,1,0,0,1,0,0,0,1,1,0,True
12.0,0.0,0.0,0.0,0.0,0.0,1,0,0,0,1,0,0,1,1,0,True
41.0,0.0,0.0,0.0,0.0,0.0,1,0,0,0,1,0,0,1,1,0,True
54.0,0.0,0.0,0.0,0.0,0.0,0,0,1,0,1,0,0,1,1,0,True
18.0,0.0,0.0,0.0,0.0,0.0,1,0,0,0,1,1,0,0,1,0,True
23.0,0.0,0.0,0.0,0.0,0.0,1,0,0,0,1,0,0,1,1,0,False
28.0,229.0,761.0,0.0,0.0,6.0,1,0,0,1,0,0,0,0,1,0,True
36.0,0.0,75.0,106.0,0.0,1903.0,1,0,0,1,0,0,0,1,1,0,True
40.0,7.0,0.0,6.0,1206.0,88.0,0,0,1,1,0,0,0,1,1,0,False
0.0,0.0,0.0,0.0,0.0,0.0,0,0,1,1,0,0,0,1,1,0,True
45.0,,0.0,0.0,1501.0,24.0,1,0,0,1,0,0,0,1,1,0,False
62.0,104.0,53.0,194.0,436.0,0.0,1,0,0,1,0,0,0,1,1,0,False
52.0,1364.0,131.0,444.0,0.0,0.0,0,0,1,1,0,0,0,1,1,0,True
24.0,10.0,49.0,,1497.0,10.0,0,0,1,1,0,0,0,1,1,0,False
48.0,0.0,0.0,790.0,2368.0,1292.0,1,0,0,1,0,0,0,1,1,0,False
41.0,0.0,0.0,0.0,0.0,0.0,1,0,0,0,1,1,0,0,1,0,True
6.0,0.0,0.0,0.0,0.0,0.0,0,0,1,0,1,0,0,1,0,0,True
34.0,223.0,0.0,13.0,514.0,41.0,1,0,0,1,0,0,0,1,1,0,False
51.0,0.0,0.0,207.0,347.0,262.0,1,0,0,1,0,0,0,0,1,0,False
29.0,0.0,1644.0,0.0,0.0,3780.0,0,1,0,1,0,0,0,1,1,0,False
24.0,0.0,2421.0,0.0,725.0,2300.0,0,1,0,1,0,1,0,0,1,0,False
49.0,0.0,1264.0,0.0,5474.0,104.0,0,1,0,0,0,1,0,0,1,0,False
28.0,0.0,1014.0,0.0,2463.0,517.0,0,1,0,1,0,0,0,1,1,0,False
14.0,0.0,0.0,52.0,0.0,,1,0,0,1,0,1,0,0,1,0,True
15.0,0.0,0.0,0.0,0.0,0.0,0,1,0,0,1,1,0,0,1,0,True
38.0,,0.0,0.0,0.0,0.0,1,0,0,0,1,1,0,0,1,0,True
21.0,0.0,0.0,0.0,0.0,0.0,0,0,1,0,1,1,0,0,1,0,True
43.0,0.0,0.0,0.0,0.0,0.0,0,1,0,0,1,1,0,0,1,0,True
24.0,555.0,0.0,618.0,0.0,0.0,0,0,1,1,0,0,0,1,1,0,False
29.0,0.0,5.0,6.0,0.0,,1,0,0,1,0,0,0,1,1,0,True
23.0,0.0,0.0,0.0,0.0,0.0,1,0,0,0,1,0,0,1,1,0,True
26.0,0.0,9641.0,51.0,224.0,2428.0,0,1,0,1,0,1,0,0,1,0,True
20.0,0.0,0.0,0.0,0.0,0.0,1,0,0,0,1,0,1,0,1,0,True
23.0,94.0,132.0,0.0,967.0,5.0,1,0,0,1,0,1,0,0,0,0,False
19.0,0.0,0.0,0.0,0.0,0.0,0,1,0,0,1,0,0,1,1,0,True
24.0,718.0,0.0,265.0,302.0,384.0,1,0,0,1,0,0,0,1,1,0,False
20.0,3.0,0.0,0.0,806.0,0.0,1,0,0,1,0,0,0,1,1,0,False
,0.0,839.0,0.0,36.0,5.0,1,0,0,1,0,0,0,1,1,0,True
9.0,0.0,0.0,0.0,0.0,0.0,1,0,0,0,1,0,0,1,1,0,False
11.0,0.0,0.0,0.0,0.0,0.0,1,0,0,1,0,0,0,1,1,0,False
16.0,0.0,,0.0,0.0,0.0,1,0,0,0,1,0,1,0,1,0,True
36.0,0.0,1828.0,9058.0,1.0,2.0,0,1,0,1,0,0,0,1,1,0,True
26.0,0.0,3638.0,0.0,1043.0,0.0,0,1,0,1,0,0,0,1,0,1,True
25.0,0.0,30.0,20.0,0.0,941.0,1,0,0,1,0,0,0,1,1,0,False
15.0,0.0,0.0,0.0,0.0,0.0,1,0,0,0,1,0,0,1,1,0,True
31.0,0.0,0.0,0.0,0.0,0.0,0,0,1,0,1,0,1,0,1,0,False
35.0,508.0,0.0,0.0,57.0,243.0,1,0,0,1,0,0,1,0,1,0,True
28.0,8.0,0.0,3949.0,0.0,9.0,1,0,0,1,0,0,0,1,1,0,True
15.0,3811.0,0.0,109.0,236.0,0.0,0,0,1,1,0,1,0,0,1,0,False
18.0,14.0,2.0,144.0,610.0,0.0,1,0,0,0,0,0,0,1,1,0,True
36.0,0.0,0.0,0.0,0.0,0.0,0,0,1,0,1,0,0,1,1,0,True
7.0,0.0,0.0,0.0,0.0,0.0,1,0,0,0,1,0,1,0,1,0,True
44.0,0.0,0.0,0.0,0.0,0.0,0,1,0,0,1,1,0,0,1,0,True
58.0,0.0,1012.0,0.0,1120.0,20.0,0,1,0,1,0,0,0,1,0,0,False
13.0,206.0,28.0,0.0,1.0,629.0,0,0,0,1,0,0,0,1,1,0,False
13.0,0.0,9.0,0.0,,5648.0,0,1,0,1,0,0,0,1,1,0,False
32.0,0.0,,0.0,0.0,0.0,0,1,0,0,1,0,0,1,1,0,True
21.0,0.0,0.0,0.0,0.0,0.0,0,1,0,0,1,1,0,0,1,0,True
36.0,0.0,0.0,0.0,0.0,0.0,0,0,1,0,1,0,0,1,0,0,True
50.0,513.0,0.0,0.0,764.0,21.0,0,0,1,1,0,0,0,1,1,0,False
37.0,0.0,0.0,834.0,0.0,8.0,1,0,0,1,0,0,1,0,1,0,True
3.0,0.0,0.0,0.0,0.0,0.0,1,0,0,0,1,0,0,1,1,0,True
2.0,0.0,0.0,0.0,0.0,0.0,1,0,0,0,1,0,0,1,1,0,True
6.0,0.0,0.0,0.0,0.0,0.0,1,0,0,1,0,0,0,1,1,0,True
4.0,0.0,0.0,0.0,0.0,0.0,0,1,0,0,1,0,0,1,1,0,True
43.0,0.0,0.0,0.0,0.0,0.0,0,0,1,0,1,0,0,1,1,0,True
18.0,0.0,784.0,8.0,11.0,0.0,1,0,0,1,0,0,0,1,1,0,True
40.0,0.0,1.0,0.0,888.0,80.0,1,0,0,1,0,0,0,1,0,0,False
49.0,460.0,86.0,92.0,659.0,0.0,0,0,1,1,0,0,0,1,1,0,False
22.0,0.0,0.0,1.0,575.0,0.0,1,0,0,1,0,1,0,0,1,0,False
14.0,5.0,0.0,479.0,297.0,9.0,1,0,0,1,0,0,0,1,1,0,False
34.0,0.0,0.0,0.0,0.0,0.0,0,0,1,0,1,0,0,1,1,0,True
16.0,0.0,0.0,0.0,0.0,0.0,1,0,0,0,1,0,1,0,1,0,True
4.0,0.0,0.0,0.0,0.0,0.0,1,0,0,0,1,0,1,0,1,0,True
,0.0,0.0,0.0,0.0,0.0,0,1,0,0,1,0,0,1,1,0,True
45.0,0.0,0.0,0.0,0.0,0.0,0,1,0,0,1,0,0,1,1,0,True
27.0,55.0,0.0,50.0,1849.0,1.0,0,0,1,1,0,0,0,1,0,1,False
59.0,0.0,0.0,0.0,0.0,0.0,0,0,1,0,1,1,0,0,1,0,True
28.0,0.0,809.0,0.0,2043.0,72.0,0,1,0,1,0,1,0,0,1,0,True
50.0,199.0,0.0,182.0,0.0,,1,0,0,1,0,0,1,0,1,0,False
30.0,0.0,0.0,0.0,0.0,0.0,0,1,0,0,1,1,0,0,1,0,True
40.0,301.0,0.0,1310.0,4.0,,0,0,1,1,0,0,1,0,0,1,True
33.0,0.0,0.0,0.0,0.0,0.0,1,0,0,0,1,0,1,0,1,0,True
54.0,630.0,298.0,418.0,312.0,0.0,0,0,1,1,0,0,0,1,1,0,False
59.0,0.0,0.0,0.0,0.0,0.0,0,1,0,0,1,0,0,1,1,0,True
24.0,0.0,2680.0,0.0,2.0,45.0,1,0,0,1,0,0,0,1,1,0,True
34.0,124.0,0.0,0.0,679.0,0.0,1,0,0,1,0,0,0,1,1,0,False
37.0,0.0,0.0,0.0,0.0,0.0,0,1,0,1,0,0,0,1,1,0,True
23.0,0.0,0.0,0.0,0.0,0.0,1,0,0,0,1,1,0,0,1,0,True
27.0,135.0,3103.0,9.0,424.0,629.0,0,1,0,1,0,0,0,1,1,0,False
47.0,0.0,0.0,0.0,0.0,0.0,1,0,0,0,1,0,0,1,1,0,True
28.0,158.0,0.0,0.0,465.0,0.0,0,0,1,1,0,0,0,1,1,0,False
,2.0,3.0,93.0,6.0,540.0,1,0,0,1,0,0,0,1,1,0,False
64.0,0.0,0.0,0.0,0.0,0.0,0,1,0,0,0,1,0,0,1,0,True
43.0,2.0,5329.0,0.0,7.0,0.0,0,1,0,1,0,0,0,1,1,0,True
57.0,0.0,1409.0,29.0,0.0,0.0,1,0,0,1,0,0,0,1,1,0,True
42.0,0.0,0.0,0.0,0.0,0.0,0,0,1,0,1,0,0,1,1,0,True
8.0,0.0,0.0,,0.0,0.0,1,0,0,1,0,0,0,1,1,0,True
3.0,0.0,0.0,0.0,0.0,0.0,1,0,0,0,1,0,1,0,1,0,True
28.0,0.0,152.0,215.0,30.0,510.0,1,0,0,1,0,0,0,1,1,0,False
64.0,0.0,316.0,2.0,673.0,0.0,1,0,0,1,0,1,0,0,1,0,False
19.0,0.0,1234.0,0.0,1956.0,0.0,0,1,0,1,0,0,0,1,1,0,False
16.0,0.0,68.0,1541.0,0.0,0.0,1,0,0,1,0,0,0,1,1,0,True
48.0,3.0,4089.0,0.0,4368.0,147.0,0,1,0,1,0,1,0,0,1,0,False
31.0,19.0,509.0,0.0,0.0,177.0,1,0,0,1,0,0,0,0,1,0,False
40.0,1.0,0.0,895.0,10.0,0.0,1,0,0,1,0,0,0,1,1,0,True
20.0,0.0,20.0,1.0,696.0,0.0,1,0,0,1,0,0,0,1,1,0,False
33.0,,0.0,0.0,0.0,0.0,1,0,0,0,1,0,0,1,1,0,False
0.0,0.0,0.0,0.0,0.0,0.0,1,0,0,1,0,1,0,0,1,0,True
55.0,0.0,242.0,0.0,479.0,3.0,1,0,0,1,0,0,0,1,1,0,False
14.0,0.0,0.0,0.0,0.0,0.0,1,0,0,0,1,0,0,1,1,0,True
,49.0,13342.0,,1885.0,6985.0,0,1,0,1,0,1,0,0,1,0,False
44.0,0.0,0.0,0.0,729.0,397.0,0,0,0,1,0,0,0,1,1,0,True
25.0,106.0,0.0,0.0,0.0,925.0,1,0,0,1,0,0,0,1,1,0,False
36.0,0.0,0.0,0.0,0.0,0.0,1,0,0,0,1,0,0,1,1,0,False
16.0,0.0,0.0,99.0,,774.0,1,0,0,1,0,0,1,0,1,0,True
26.0,0.0,2199.0,0.0,328.0,329.0,0,1,0,1,0,0,0,1,0,1,False
19.0,114.0,3.0,622.0,0.0,0.0,1,0,0,1,0,0,0,1,1,0,False
34.0,0.0,618.0,0.0,0.0,10888.0,0,1,0,1,0,1,0,0,0,1,False
0.0,0.0,0.0,0.0,0.0,0.0,1,0,0,0,1,0,0,1,1,0,True
52.0,0.0,652.0,9.0,0.0,0.0,1,0,0,1,0,0,1,0,1,0,False
11.0,0.0,0.0,0.0,0.0,0.0,0,0,1,0,1,0,0,1,1,0,True
16.0,0.0,0.0,0.0,0.0,0.0,0,1,0,0,1,0,0,1,1,0,True
20.0,24.0,56.0,1.0,,468.0,1,0,0,1,0,1,0,0,1,0,False
53.0,83.0,0.0,1590.0,60.0,0.0,0,0,1,1,0,1,0,0,1,0,True
24.0,14.0,0.0,1.0,528.0,109.0,1,0,0,1,0,1,0,0,1,0,True
49.0,0.0,0.0,0.0,0.0,0.0,1,0,0,0,1,0,1,0,1,0,True
17.0,0.0,0.0,0.0,1806.0,0.0,1,0,0,1,0,0,0,1,1,0,False
16.0,45.0,0.0,622.0,0.0,564.0,1,0,0,1,0,0,0,1,1,0,False
0.0,0.0,0.0,0.0,0.0,0.0,1,0,0,0,1,0,0,1,1,0,True
14.0,0.0,0.0,0.0,0.0,0.0,0,0,1,1,0,0,0,1,1,0,False
14.0,0.0,0.0,0.0,0.0,0.0,1,0,0,0,1,0,0,1,1,0,False
28.0,0.0,602.0,0.0,115.0,0.0,1,0,0,1,0,0,0,1,1,0,True
18.0,22.0,0.0,20.0,596.0,5.0,1,0,0,1,0,0,1,0,1,0,False
7.0,0.0,0.0,0.0,0.0,0.0,0,0,1,0,1,0,0,1,1,0,True
78.0,0.0,213.0,202.0,288.0,0.0,1,0,0,1,0,1,0,0,1,0,True
20.0,0.0,0.0,715.0,2.0,0.0,1,0,0,1,0,1,0,0,1,0,True
21.0,0.0,20.0,1540.0,80.0,512.0,1,0,0,0,0,0,0,1,1,0,False
32.0,0.0,0.0,0.0,0.0,0.0,1,0,0,0,1,0,1,0,1,0,True
13.0,0.0,671.0,0.0,8.0,0.0,1,0,0,1,0,0,0,1,1,0,True
21.0,861.0,0.0,310.0,0.0,0.0,0,0,1,1,0,1,0,0,1,0,False
29.0,0.0,0.0,0.0,0.0,0.0,0,0,1,0,1,0,0,1,1,0,True
68.0,0.0,0.0,0.0,0.0,0.0,0,0,1,0,1,1,0,0,1,0,True
41.0,699.0,0.0,0.0,2.0,31.0,1,0,0,1,0,0,0,1,1,0,True
30.0,0.0,123.0,0.0,1.0,784.0,1,0,0,1,0,0,0,1,1,0,False
25.0,0.0,1538.0,97.0,530.0,35.0,0,1,0,1,0,1,0,0,1,0,False
53.0,0.0,2606.0,0.0,1170.0,0.0,0,1,0,1,0,1,0,0,1,0,True
21.0,0.0,0.0,0.0,0.0,0.0,1,0,0,0,1,0,0,1,1,0,True
24.0,0.0,0.0,0.0,0.0,0.0,0,1,0,0,1,0,0,1,1,0,False
47.0,285.0,600.0,3.0,0.0,640.0,1,0,0,1,0,0,0,1,1,0,False
24.0,2.0,0.0,0.0,52.0,638.0,1,0,0,1,0,0,0,1,1,0,False
29.0,0.0,0.0,0.0,0.0,0.0,0,0,1,0,1,0,0,1,1,0,True
20.0,2532.0,1.0,0.0,59.0,10.0,1,0,0,1,0,0,0,1,1,0,True
22.0,0.0,115.0,273.0,,218.0,1,0,0,1,0,0,1,0,1,0,True
43.0,0.0,0.0,642.0,0.0,8.0,1,0,0,1,0,1,0,0,1,0,True
15.0,0.0,0.0,0.0,0.0,,1,0,0,0,1,0,0,1,1,0,True
34.0,0.0,0.0,0.0,0.0,0.0,1,0,0,0,1,0,1,0,1,0,True
27.0,0.0,1891.0,0.0,2167.0,0.0,0,1,0,0,0,0,0,1,1,0,False
29.0,0.0,0.0,0.0,0.0,0.0,1,0,0,0,1,0,0,1,1,0,False
37.0,0.0,0.0,0.0,0.0,0.0,0,0,1,0,0,0,0,1,1,0,True
47.0,590.0,0.0,47.0,3.0,53.0,1,0,0,1,0,0,0,1,1,0,False
0.0,0.0,0.0,0.0,0.0,0.0,1,0,0,1,0,0,0,1,1,0,False
0.0,0.0,0.0,0.0,0.0,0.0,1,0,0,0,1,1,0,0,1,0,True
20.0,402.0,25.0,9.0,373.0,0.0,1,0,0,1,0,0,0,1,1,0,False
27.0,17.0,65.0,74.0,1548.0,18.0,1,0,0,1,0,0,0,1,1,0,False
4.0,0.0,0.0,0.0,0.0,0.0,0,0,1,1,0,1,0,0,1,0,True
24.0,61.0,0.0,0.0,0.0,1495.0,1,0,0,1,0,0,1,0,1,0,False
22.0,0.0,833.0,381.0,0.0,12.0,1,0,0,1,0,1,0,0,1,0,True
30.0,0.0,,335.0,143.0,764.0,0,1,0,1,0,0,0,1,0,0,True
31.0,239.0,321.0,0.0,0.0,124.0,1,0,0,1,0,0,1,0,1,0,False
46.0,0.0,0.0,0.0,0.0,0.0,1,0,0,0,1,0,0,1,1,0,True
2.0,0.0,0.0,0.0,0.0,,0,1,0,1,0,0,0,1,1,0,True
37.0,18.0,238.0,0.0,528.0,0.0,1,0,0,1,0,0,0,1,1,0,False
,0.0,0.0,0.0,0.0,0.0,1,0,0,0,1,0,0,1,1,0,True
44.0,0.0,0.0,0.0,0.0,0.0,0,1,0,1,0,0,0,1,1,0,True
27.0,0.0,33.0,9.0,1847.0,2035.0,0,1,0,1,0,1,0,0,1,0,False
17.0,0.0,0.0,0.0,0.0,0.0,0,1,0,0,1,1,0,0,1,0,True
32.0,0.0,390.0,60.0,5015.0,211.0,0,1,0,1,0,0,0,1,1,0,False
14.0,0.0,6.0,791.0,49.0,0.0,1,0,0,1,0,0,0,1,1,0,True
37.0,0.0,0.0,0.0,0.0,0.0,0,1,0,0,1,1,0,0,0,1,True
33.0,0.0,0.0,0.0,0.0,0.0,0,1,0,0,1,1,0,0,1,0,True
27.0,0.0,0.0,0.0,,0.0,0,0,1,0,1,0,0,1,1,0,True
7.0,0.0,0.0,0.0,0.0,,0,0,1,1,0,0,0,1,1,0,True
30.0,51.0,0.0,1373.0,0.0,5.0,0,0,1,1,0,0,1,0,1,0,True
39.0,2167.0,30.0,1472.0,,0.0,0,1,0,1,0,0,0,1,1,0,True
30.0,768.0,11.0,2010.0,0.0,0.0,0,0,1,1,0,0,0,1,1,0,True
36.0,0.0,0.0,0.0,0.0,0.0,0,0,0,0,1,0,0,1,1,0,True
28.0,944.0,0.0,0.0,0.0,75.0,1,0,0,1,0,0,0,1,0,0,False
0.0,0.0,0.0,0.0,0.0,0.0,1,0,0,0,1,1,0,0,1,0,False
15.0,0.0,532.0,29.0,0.0,163.0,1,0,0,1,0,0,0,1,1,0,False
30.0,0.0,0.0,0.0,0.0,0.0,0,0,1,0,1,0,0,0,1,0,True
2.0,0.0,0.0,0.0,0.0,0.0,1,0,0,0,1,0,0,1,1,0,True
23.0,7.0,0.0,0.0,716.0,800.0,1,0,0,1,0,0,0,0,1,0,True
23.0,0.0,0.0,0.0,0.0,,1,0,0,0,1,0,0,1,1,0,True
43.0,0.0,0.0,0.0,0.0,0.0,0,0,1,0,1,0,0,1,1,0,True
29.0,0.0,0.0,0.0,0.0,0.0,1,0,0,0,1,0,1,0,1,0,True
9.0,0.0,0.0,0.0,0.0,0.0,1,0,0,1,0,0,0,1,1,0,False
25.0,0.0,10.0,909.0,0.0,17.0,1,0,0,1,0,0,0,1,1,0,False
27.0,69.0,2878.0,0.0,4232.0,3798.0,0,1,0,1,0,0,0,1,0,0,False
32.0,0.0,0.0,0.0,0.0,0.0,0,1,0,0,1,0,0,1,1,0,True
23.0,0.0,0.0,0.0,0.0,0.0,1,0,0,0,1,0,0,1,1,0,True
53.0,0.0,0.0,0.0,0.0,0.0,0,0,1,1,0,0,0,1,1,0,False
,473.0,0.0,575.0,0.0,0.0,0,0,1,1,0,0,0,1,1,0,False
3.0,0.0,0.0,0.0,0.0,0.0,0,0,1,1,0,0,0,1,1,0,True
16.0,501.0,974.0,1164.0,0.0,0.0,0,0,1,1,0,0,0,1,1,0,False
15.0,0.0,0.0,0.0,938.0,44.0,1,0,0,1,0,0,0,1,1,0,False
29.0,0.0,0.0,0.0,0.0,0.0,1,0,0,0,1,0,0,1,1,0,True
60.0,0.0,960.0,46.0,854.0,17074.0,0,1,0,1,0,0,0,1,1,0,False
49.0,173.0,0.0,18.0,580.0,1.0,1,0,0,1,0,0,0,1,1,0,False
18.0,1988.0,0.0,95.0,0.0,0.0,0,0,1,1,0,0,0,0,1,0,False
23.0,69.0,6101.0,0.0,0.0,214.0,0,1,0,1,0,0,0,1,1,0,True
32.0,0.0,89.0,0.0,8330.0,1.0,0,1,0,1,0,0,0,1,1,0,False
26.0,0.0,0.0,677.0,1.0,108.0,1,0,0,1,0,0,0,1,1,0,False
43.0,1944.0,17.0,657.0,0.0,0.0,0,0,0,1,0,0,0,1,1,0,True
32.0,0.0,0.0,0.0,0.0,0.0,1,0,0,0,1,0,0,1,1,0,True
17.0,0.0,0.0,0.0,0.0,0.0,1,0,0,0,1,0,0,1,1,0,True
8.0,0.0,0.0,0.0,0.0,0.0,1,0,0,0,1,0,0,1,1,0,True
57.0,0.0,0.0,0.0,0.0,0.0,0,1,0,0,1,1,0,0,1,0,True
22.0,969.0,47.0,23.0,134.0,0.0,0,0,0,1,0,0,0,1,1,0,False
37.0,951.0,0.0,0.0,80.0,0.0,1,0,0,1,0,0,0,1,1,0,False
20.0,0.0,,0.0,0.0,1318.0,1,0,0,1,0,0,1,0,1,0,False
28.0,0.0,4173.0,0.0,33.0,420.0,0,1,0,1,0,1,0,0,1,0,True
28.0,0.0,160.0,0.0,1538.0,1426.0,0,1,0,1,0,1,0,0,1,0,False
26.0,1967.0,0.0,116.0,,0.0,0,0,1,1,0,0,0,1,1,0,False
,0.0,0.0,0.0,0.0,0.0,1,0,0,0,1,0,0,1,1,0,True
24.0,0.0,58.0,618.0,0.0,41.0,1,0,0,1,0,1,0,0,1,0,False
16.0,0.0,17.0,1211.0,0.0,25.0,1,0,0,1,0,1,0,0,1,0,True
26.0,0.0,0.0,0.0,0.0,0.0,1,0,0,0,1,0,0,1,1,0,True
33.0,0.0,0.0,0.0,0.0,0.0,1,0,0,0,1,1,0,0,1,0,True
23.0,26.0,266.0,404.0,0.0,0.0,1,0,0,1,0,0,0,1,0,0,True
18.0,0.0,0.0,0.0,0.0,0.0,0,0,1,0,1,0,0,1,1,0,True
48.0,0.0,0.0,,0.0,0.0,1,0,0,0,1,0,1,0,1,0,False
45.0,0.0,0.0,0.0,0.0,595.0,1,0,0,1,0,0,1,0,1,0,False
56.0,1.0,2.0,0.0,102.0,,1,0,0,1,0,0,1,0,1,0,False
1.0,0.0,0.0,0.0,0.0,0.0,1,0,0,0,1,0,0,1,1,0,True
44.0,143.0,47.0,0.0,717.0,87.0,1,0,0,1,0,0,0,1,1,0,False
1.0,0.0,0.0,0.0,0.0,0.0,1,0,0,0,1,0,0,1,1,0,True
32.0,0.0,0.0,0.0,0.0,0.0,1,0,0,0,1,0,0,1,1,0,True
13.0,0.0,0.0,0.0,0.0,0.0,1,0,0,0,1,0,1,0,1,0,True
27.0,0.0,44.0,4761.0,5.0,41.0,0,1,0,1,0,1,0,0,1,0,True
14.0,0.0,3124.0,40.0,219.0,189.0,0,1,0,1,0,0,0,1,1,0,False
33.0,0.0,16.0,12.0,2349.0,12.0,0,1,0,1,0,1,0,0,0,1,False
42.0,159.0,4387.0,2.0,3.0,485.0,0,1,0,1,0,0,0,1,0,0,True
44.0,0.0,4322.0,3.0,153.0,52.0,0,1,0,1,0,1,0,0,1,0,True
22.0,0.0,0.0,1128.0,0.0,45.0,0,0,1,1,0,0,0,1,1,0,False
,0.0,0.0,0.0,0.0,0.0,0,0,1,1,0,0,0,1,1,0,True
33.0,0.0,3624.0,0.0,1537.0,498.0,0,1,0,1,0,0,0,1,1,0,False
38.0,102.0,12.0,14.0,669.0,0.0,1,0,0,1,0,0,0,1,0,0,False
38.0,0.0,338.0,0.0,453.0,0.0,1,0,0,1,0,0,0,1,1,0,False
18.0,3.0,688.0,0.0,0.0,23.0,1,0,0,1,0,0,0,1,1,0,True
44.0,0.0,0.0,16.0,72.0,4304.0,0,1,0,1,0,0,0,1,1,0,False
2.0,0.0,0.0,0.0,0.0,0.0,0,1,0,1,0,0,0,1,1,0,True
17.0,0.0,0.0,0.0,0.0,0.0,1,0,0,0,1,0,0,1,1,0,True
38.0,622.0,1319.0,42.0,1.0,444.0,1,0,0,1,0,0,0,1,1,0,False
2.0,0.0,0.0,0.0,0.0,0.0,0,1,0,0,1,0,0,1,1,0,False
22.0,741.0,0.0,1028.0,0.0,0.0,0,0,1,1,0,0,0,1,1,0,False
51.0,0.0,980.0,273.0,2775.0,419.0,0,1,0,1,0,0,0,1,1,0,False
0.0,0.0,0.0,0.0,0.0,0.0,0,0,1,1,0,0,0,1,1,0,True
22.0,100.0,0.0,1050.0,0.0,23.0,0,0,1,1,0,0,0,1,1,0,False
26.0,0.0,896.0,0.0,690.0,1.0,0,1,0,1,0,0,0,1,1,0,True
10.0,0.0,0.0,0.0,0.0,0.0,1,0,0,1,0,0,0,1,1,0,False
22.0,401.0,0.0,196.0,0.0,126.0,1,0,0,1,0,0,0,1,1,0,False
25.0,0.0,0.0,0.0,0.0,0.0,0,1,0,0,1,0,0,1,1,0,True
35.0,0.0,0.0,0.0,0.0,0.0,0,1,0,1,0,0,0,1,1,0,True
30.0,0.0,0.0,0.0,27.0,764.0,1,0,0,1,0,0,0,1,1,0,False
37.0,0.0,0.0,0.0,0.0,0.0,1,0,0,0,1,0,0,1,1,0,True
13.0,305.0,582.0,12.0,19.0,0.0,1,0,0,1,0,0,0,1,1,0,False
17.0,,647.0,49.0,74.0,0.0,1,0,0,1,0,0,0,1,1,0,False
36.0,0.0,0.0,0.0,0.0,0.0,1,0,0,0,1,0,1,0,1,0,True
52.0,360.0,1314.0,8.0,641.0,66.0,0,1,0,1,0,1,0,0,1,0,True
32.0,0.0,0.0,0.0,0.0,0.0,0,1,0,0,1,1,0,0,1,0,True
21.0,,0.0,0.0,1.0,378.0,0,0,1,1,0,1,0,0,1,0,False
33.0,728.0,0.0,285.0,0.0,0.0,0,0,1,1,0,0,0,1,1,0,False
51.0,3.0,33.0,12.0,38.0,896.0,1,0,0,1,0,0,0,1,1,0,False
39.0,19.0,102.0,0.0,678.0,0.0,1,0,0,1,0,0,0,1,1,0,False
14.0,738.0,5.0,297.0,0.0,0.0,0,0,1,1,0,0,0,1,1,0,False
31.0,0.0,,0.0,0.0,0.0,0,0,1,0,1,0,0,1,1,0,True
27.0,15.0,2886.0,0.0,249.0,71.0,0,1,0,1,0,0,0,1,1,0,True
47.0,2916.0,0.0,14.0,63.0,0.0,1,0,0,1,0,0,0,1,1,0,False
33.0,0.0,2107.0,0.0,15586.0,473.0,0,1,0,1,0,0,0,0,1,0,False
60.0,0.0,307.0,0.0,484.0,1967.0,0,1,0,1,0,0,0,1,1,0,False
50.0,0.0,185.0,0.0,1.0,558.0,1,0,0,1,0,0,0,1,1,0,True
22.0,0.0,0.0,1.0,95.0,605.0,1,0,0,1,0,0,0,1,1,0,False
58.0,0.0,435.0,2.0,0.0,239.0,1,0,0,1,0,1,0,0,1,0,False
48.0,0.0,,0.0,0.0,0.0,1,0,0,0,1,0,0,1,1,0,True
58.0,0.0,1386.0,2.0,128.0,2577.0,0,1,0,1,0,0,0,1,1,0,True
29.0,0.0,0.0,0.0,0.0,0.0,1,0,0,0,1,1,0,0,1,0,True
23.0,0.0,0.0,0.0,0.0,0.0,0,1,0,0,1,1,0,0,0,0,True
20.0,0.0,802.0,0.0,16.0,0.0,1,0,0,1,0,0,0,1,1,0,False
21.0,2611.0,0.0,103.0,4.0,0.0,0,0,1,1,0,0,0,1,1,0,False
32.0,0.0,0.0,0.0,,0.0,1,0,0,0,1,0,0,1,1,0,False
40.0,0.0,0.0,0.0,7.0,782.0,1,0,0,1,0,0,0,0,1,0,False
46.0,0.0,0.0,0.0,0.0,0.0,0,1,0,0,1,0,0,1,1,0,True
35.0,0.0,0.0,0.0,0.0,0.0,0,1,0,0,1,0,1,0,1,0,True
24.0,0.0,0.0,217.0,0.0,544.0,1,0,0,1,0,0,0,1,1,0,False
16.0,0.0,1417.0,3.0,27.0,186.0,0,1,0,0,0,0,0,1,1,0,True
41.0,85.0,804.0,0.0,0.0,0.0,1,0,0,1,0,0,0,1,1,0,True
30.0,1110.0,0.0,439.0,5.0,0.0,1,0,0,1,0,0,0,1,1,0,False
29.0,0.0,0.0,0.0,0.0,,1,0,0,0,1,0,0,1,1,0,True
28.0,0.0,0.0,0.0,0.0,0.0,1,0,0,0,0,0,0,1,1,0,False
47.0,0.0,0.0,0.0,0.0,0.0,0,1,0,0,1,0,0,1,1,0,True
42.0,0.0,279.0,30.0,409.0,0.0,1,0,0,1,0,1,0,0,1,0,True
17.0,0.0,0.0,0.0,0.0,0.0,1,0,0,0,1,0,1,0,1,0,False
20.0,120.0,321.0,0.0,932.0,175.0,1,0,0,1,0,0,1,0,1,0,False
48.0,0.0,0.0,0.0,0.0,0.0,0,1,0,0,1,0,0,1,1,0,True
41.0,0.0,1616.0,0.0,758.0,400.0,0,1,0,1,0,1,0,0,1,0,True
24.0,786.0,0.0,0.0,309.0,0.0,1,0,0,1,0,1,0,0,1,0,True
35.0,0.0,0.0,0.0,0.0,0.0,0,1,0,0,1,0,0,1,1,0,True
,0.0,0.0,0.0,0.0,,0,0,1,0,1,0,0,1,1,0,True
68.0,523.0,0.0,859.0,201.0,782.0,0,0,1,1,0,0,0,1,0,1,False
26.0,,0.0,0.0,0.0,0.0,0,1,0,0,1,0,0,1,1,0,True
37.0,1577.0,11396.0,0.0,1014.0,560.0,0,1,0,1,0,0,0,1,1,0,True
30.0,0.0,2.0,0.0,690.0,86.0,1,0,0,1,0,0,0,1,1,0,False
51.0,511.0,0.0,291.0,4212.0,0.0,0,0,1,1,0,0,0,1,0,1,False
3.0,0.0,0.0,0.0,0.0,0.0,0,0,1,0,1,0,0,1,1,0,True
19.0,2110.0,0.0,0.0,0.0,1.0,1,0,0,1,0,0,0,1,1,0,False
52.0,0.0,0.0,47.0,2059.0,0.0,1,0,0,1,0,0,0,1,1,0,False
0.0,0.0,0.0,,0.0,0.0,0,0,1,1,0,0,0,1,1,0,True
58.0,1366.0,257.0,0.0,0.0,311.0,1,0,0,1,0,0,0,1,1,0,False
61.0,0.0,0.0,0.0,0.0,0.0,0,1,0,0,1,1,0,0,1,0,True
12.0,0.0,0.0,0.0,0.0,0.0,1,0,0,1,0,1,0,0,1,0,True
19.0,122.0,2.0,0.0,480.0,565.0,1,0,0,1,0,0,0,1,1,0,True
54.0,118.0,0.0,0.0,669.0,0.0,1,0,0,1,0,0,0,1,1,0,False
22.0,0.0,0.0,441.0,0.0,423.0,1,0,0,1,0,0,0,1,1,0,False
18.0,388.0,182.0,0.0,66.0,140.0,1,0,0,1,0,0,0,1,1,0,False
39.0,0.0,0.0,0.0,0.0,0.0,0,0,1,0,1,1,0,0,1,0,True
23.0,30.0,2237.0,1.0,49.0,52.0,0,1,0,1,0,0,0,1,1,0,True
14.0,653.0,0.0,4.0,0.0,0.0,1,0,0,1,0,1,0,0,1,0,False
36.0,32.0,355.0,1826.0,9.0,0.0,0,0,1,1,0,0,0,1,1,0,True
56.0,0.0,0.0,0.0,0.0,0.0,0,1,0,0,1,0,0,1,1,0,True
17.0,214.0,552.0,0.0,241.0,0.0,1,0,0,1,0,0,0,1,1,0,False
27.0,0.0,0.0,0.0,0.0,0.0,0,0,1,0,1,0,0,1,1,0,True
40.0,0.0,0.0,0.0,0.0,0.0,0,1,0,0,1,1,0,0,1,0,True
17.0,3651.0,0.0,2228.0,38.0,0.0,0,0,1,1,0,0,0,0,1,0,False
35.0,0.0,0.0,0.0,0.0,0.0,0,1,0,0,1,1,0,0,1,0,True
31.0,0.0,0.0,185.0,584.0,0.0,1,0,0,1,0,0,0,1,1,0,False
48.0,0.0,172.0,115.0,1.0,645.0,1,0,0,1,0,1,0,0,1,0,False
25.0,0.0,16016.0,1025.0,189.0,1037.0,0,1,0,1,0,1,0,0,1,0,True
24.0,0.0,0.0,0.0,0.0,0.0,1,0,0,0,1,0,0,1,1,0,True
0.0,0.0,0.0,0.0,0.0,0.0,1,0,0,1,0,0,0,1,1,0,False
36.0,0.0,2979.0,0.0,68.0,347.0,0,1,0,1,0,0,0,1,1,0,True
18.0,110.0,103.0,471.0,11.0,1.0,1,0,0,1,0,0,0,1,1,0,False
27.0,118.0,1769.0,4127.0,118.0,619.0,0,1,0,1,0,0,0,1,1,0,True
49.0,0.0,0.0,0.0,0.0,0.0,0,1,0,0,1,1,0,0,1,0,True
26.0,0.0,0.0,0.0,0.0,0.0,0,0,1,0,1,0,0,1,1,0,True
53.0,0.0,0.0,754.0,46.0,0.0,1,0,0,1,0,1,0,0,1,0,False
33.0,0.0,0.0,0.0,436.0,224.0,1,0,0,1,0,1,0,0,1,0,True
27.0,0.0,9.0,0.0,40.0,7621.0,0,1,0,1,0,0,0,1,1,0,False
18.0,0.0,0.0,0.0,0.0,0.0,0,0,1,0,1,0,0,1,1,0,True
19.0,0.0,4534.0,0.0,617.0,1156.0,0,1,0,1,0,0,0,1,1,0,False
41.0,688.0,31.0,1880.0,0.0,,0,0,1,1,0,0,0,1,1,0,False
43.0,0.0,8948.0,0.0,153.0,872.0,0,1,0,1,0,0,0,1,1,0,True
14.0,325.0,0.0,19.0,506.0,2.0,1,0,0,1,0,1,0,0,0,0,False
20.0,98.0,499.0,0.0,142.0,52.0,1,0,0,1,0,0,0,1,1,0,False
34.0,1199.0,33.0,346.0,0.0,0.0,0,0,1,1,0,0,0,1,1,0,False
17.0,0.0,0.0,0.0,0.0,0.0,0,0,1,0,1,0,0,1,1,0,False
28.0,0.0,0.0,0.0,0.0,0.0,0,0,1,0,1,0,0,1,1,0,True
18.0,0.0,0.0,0.0,0.0,0.0,0,1,0,0,1,0,0,1,1,0,True
64.0,19.0,261.0,208.0,0.0,214.0,1,0,0,1,0,1,0,0,1,0,False
33.0,166.0,634.0,419.0,201.0,1178.0,0,0,1,1,0,0,0,1,1,0,False
26.0,0.0,79.0,53.0,,0.0,1,0,0,1,0,0,0,1,1,0,False
22.0,769.0,0.0,0.0,1.0,729.0,1,0,0,1,0,0,0,1,0,0,False
26.0,1333.0,0.0,50.0,0.0,0.0,0,0,1,1,0,0,0,1,1,0,False
28.0,0.0,0.0,0.0,0.0,0.0,1,0,0,0,1,0,0,1,1,0,False
0.0,0.0,0.0,0.0,0.0,0.0,0,0,0,1,0,0,0,1,1,0,False
28.0,0.0,0.0,0.0,0.0,0.0,1,0,0,0,1,0,1,0,1,0,False
35.0,0.0,0.0,0.0,0.0,0.0,0,1,0,0,1,0,0,1,1,0,True
20.0,0.0,0.0,0.0,0.0,0.0,1,0,0,1,0,0,0,1,1,0,False
18.0,328.0,0.0,0.0,24.0,309.0,1,0,0,1,0,0,1,0,1,0,False
34.0,0.0,9.0,617.0,0.0,281.0,1,0,0,1,0,0,0,1,1,0,False
22.0,558.0,63.0,0.0,0.0,0.0,1,0,0,1,0,0,0,1,1,0,False
46.0,0.0,0.0,0.0,0.0,0.0,0,0,1,0,1,0,0,1,1,0,True
40.0,634.0,60.0,134.0,0.0,0.0,1,0,0,1,0,0,0,1,1,0,False
41.0,0.0,0.0,0.0,0.0,0.0,0,1,0,0,1,1,0,0,1,0,True
37.0,0.0,0.0,0.0,0.0,0.0,0,1,0,0,1,0,0,1,1,0,True
18.0,0.0,0.0,0.0,0.0,0.0,1,0,0,0,1,0,0,1,1,0,True
1.0,0.0,0.0,0.0,0.0,0.0,1,0,0,0,1,0,0,1,1,0,True
26.0,0.0,0.0,0.0,0.0,0.0,0,1,0,0,1,1,0,0,1,0,True
10.0,0.0,0.0,0.0,0.0,0.0,1,0,0,1,0,0,0,1,1,0,True
16.0,0.0,0.0,0.0,0.0,0.0,1,0,0,0,1,0,0,1,1,0,True
29.0,46.0,68.0,589.0,88.0,0.0,1,0,0,1,0,1,0,0,1,0,True
43.0,0.0,0.0,0.0,0.0,0.0,0,1,0,0,1,1,0,0,0,0,True
69.0,0.0,0.0,0.0,0.0,0.0,1,0,0,0,1,0,0,1,1,0,False
60.0,0.0,0.0,0.0,0.0,0.0,1,0,0,0,0,0,0,1,1,0,False
49.0,0.0,0.0,0.0,0.0,0.0,1,0,0,0,1,0,0,1,1,0,False
23.0,1.0,700.0,0.0,7.0,136.0,1,0,0,1,0,0,0,1,1,0,False
26.0,485.0,8.0,3958.0,0.0,0.0,1,0,0,1,0,0,0,1,1,0,True
30.0,4.0,637.0,0.0,0.0,3.0,1,0,0,1,0,0,0,0,1,0,False
23.0,0.0,0.0,0.0,0.0,0.0,1,0,0,0,1,0,0,1,1,0,False
47.0,397.0,0.0,321.0,0.0,5.0,1,0,0,1,0,0,0,1,1,0,True
39.0,3030.0,79.0,0.0,0.0,0.0,1,0,0,1,0,0,0,1,1,0,False
21.0,7.0,0.0,622.0,0.0,0.0,1,0,0,1,0,0,0,1,1,0,False
40.0,580.0,0.0,447.0,6.0,0.0,1,0,0,1,0,0,0,1,1,0,False
41.0,0.0,116.0,10705.0,9181.0,10.0,0,1,0,1,0,0,0,1,1,0,False
15.0,31.0,804.0,1.0,4732.0,2577.0,0,1,0,1,0,0,0,1,1,0,False
39.0,0.0,0.0,0.0,0.0,0.0,0,1,0,0,1,0,0,1,1,0,True
24.0,0.0,0.0,604.0,0.0,91.0,1,0,0,1,0,0,1,0,1,0,True
33.0,0.0,0.0,0.0,0.0,0.0,0,1,0,0,1,1,0,0,1,0,True
35.0,,246.0,25.0,42.0,3730.0,0,1,0,1,0,0,0,1,1,0,False
,0.0,36.0,89.0,948.0,927.0,0,1,0,1,0,0,0,1,1,0,False
13.0,0.0,0.0,0.0,0.0,0.0,1,0,0,0,1,0,1,0,1,0,True
23.0,649.0,0.0,622.0,0.0,0.0,0,0,1,1,0,0,0,1,1,0,True
18.0,1969.0,0.0,310.0,0.0,0.0,1,0,0,1,0,0,0,1,0,0,True
47.0,0.0,0.0,0.0,0.0,0.0,0,1,0,0,1,1,0,0,0,1,True
7.0,0.0,0.0,0.0,0.0,0.0,0,0,1,1,0,0,0,1,1,0,True
26.0,0.0,0.0,1.0,886.0,0.0,1,0,0,1,0,0,0,1,1,0,False
54.0,0.0,0.0,5.0,1268.0,26.0,1,0,0,1,0,0,0,1,1,0,False
18.0,0.0,0.0,0.0,0.0,0.0,0,0,1,0,1,0,0,1,1,0,True
26.0,0.0,0.0,0.0,0.0,0.0,0,1,0,0,1,0,0,1,1,0,True
29.0,0.0,0.0,0.0,0.0,0.0,0,1,0,1,0,0,0,1,1,0,True
25.0,0.0,0.0,0.0,0.0,0.0,0,1,0,0,1,0,0,1,1,0,True
18.0,0.0,0.0,0.0,0.0,0.0,0,0,1,0,1,0,0,1,1,0,False
51.0,172.0,350.0,0.0,16.0,1005.0,1,0,0,1,0,0,0,1,1,0,False
,0.0,0.0,0.0,0.0,0.0,0,1,0,0,1,1,0,0,1,0,True
52.0,,0.0,262.0,1425.0,571.0,0,0,1,1,0,1,0,0,1,0,False
65.0,0.0,0.0,0.0,0.0,0.0,0,1,0,0,1,0,0,1,1,0,True
37.0,0.0,0.0,0.0,0.0,0.0,0,0,1,0,1,0,0,1,1,0,True
23.0,0.0,0.0,0.0,0.0,0.0,0,0,1,0,1,0,0,1,1,0,True
20.0,0.0,52.0,0.0,110.0,614.0,1,0,0,1,0,0,0,1,1,0,False
35.0,0.0,5500.0,0.0,180.0,3173.0,0,1,0,1,0,1,0,0,1,0,False
43.0,1.0,2060.0,,1.0,2764.0,0,1,0,1,0,1,0,0,1,0,False
18.0,595.0,134.0,7.0,0.0,0.0,1,0,0,1,0,0,0,1,1,0,False
29.0,18.0,7.0,0.0,0.0,779.0,1,0,0,1,0,0,0,1,1,0,False
31.0,0.0,4655.0,135.0,2075.0,402.0,0,1,0,1,0,0,0,1,1,0,True
33.0,0.0,,0.0,0.0,0.0,0,1,0,0,1,1,0,0,0,1,True
30.0,4.0,0.0,442.0,2441.0,0.0,1,0,0,1,0,0,0,1,1,0,False
49.0,0.0,0.0,0.0,0.0,0.0,1,0,0,0,1,1,0,0,1,0,True
40.0,0.0,0.0,0.0,0.0,0.0,0,1,0,0,1,0,0,1,1,0,True
24.0,0.0,809.0,0.0,4928.0,143.0,0,1,0,1,0,0,0,1,1,0,False
25.0,0.0,0.0,,0.0,0.0,1,0,0,0,1,0,0,1,1,0,True
13.0,0.0,0.0,0.0,0.0,0.0,1,0,0,0,1,1,0,0,1,0,True
4.0,0.0,0.0,0.0,0.0,0.0,1,0,0,1,0,0,0,1,1,0,True
39.0,44.0,1620.0,0.0,6.0,0.0,1,0,0,1,0,0,0,1,1,0,False
23.0,0.0,0.0,0.0,0.0,0.0,1,0,0,0,1,0,0,1,1,0,False
4.0,0.0,0.0,0.0,0.0,0.0,1,0,0,1,0,1,0,0,1,0,False
27.0,831.0,0.0,0.0,867.0,20.0,0,0,1,1,0,0,0,1,1,0,False
24.0,0.0,0.0,0.0,0.0,0.0,1,0,0,0,1,0,1,0,1,0,True
26.0,0.0,0.0,0.0,0.0,0.0,1,0,0,0,1,0,1,0,1,0,False
,279.0,11.0,40.0,718.0,0.0,0,0,1,1,0,0,0,1,1,0,False
32.0,7.0,723.0,,6.0,13.0,1,0,0,1,0,1,0,0,1,0,False
18.0,0.0,858.0,2.0,,0.0,1,0,0,1,0,0,0,1,1,0,True
31.0,116.0,,298.0,2.0,227.0,1,0,0,1,0,0,0,1,1,0,False
43.0,0.0,0.0,0.0,0.0,0.0,0,1,0,0,1,1,0,0,1,0,True
39.0,19.0,3603.0,0.0,421.0,517.0,0,1,0,1,0,0,0,1,1,0,True
36.0,0.0,8151.0,5.0,0.0,8182.0,0,1,0,1,0,1,0,0,1,0,False
30.0,209.0,157.0,2566.0,171.0,472.0,0,1,0,1,0,0,0,1,1,0,False
40.0,0.0,0.0,0.0,0.0,0.0,0,0,1,0,1,0,0,1,1,0,True
57.0,6.0,510.0,372.0,0.0,0.0,1,0,0,1,0,0,0,1,1,0,True
29.0,487.0,0.0,60.0,12.0,0.0,1,0,0,1,0,0,1,0,1,0,False
18.0,3.0,0.0,3.0,1773.0,0.0,1,0,0,0,0,0,0,1,1,0,False
29.0,0.0,5157.0,1.0,136.0,32.0,0,1,0,1,0,0,0,1,1,0,True
31.0,0.0,0.0,0.0,0.0,0.0,1,0,0,0,1,0,0,1,1,0,False
15.0,85.0,0.0,1130.0,0.0,248.0,0,0,1,1,0,0,0,1,1,0,False
65.0,0.0,0.0,113.0,208.0,587.0,1,0,0,1,0,0,0,1,1,0,False
19.0,5.0,666.0,0.0,123.0,440.0,1,0,0,1,0,0,0,1,1,0,False
27.0,1007.0,0.0,0.0,9.0,0.0,1,0,0,1,0,0,0,1,1,0,False
23.0,0.0,2984.0,23.0,686.0,173.0,0,1,0,1,0,0,0,1,1,0,True
11.0,0.0,0.0,0.0,0.0,0.0,1,0,0,0,0,0,0,1,1,0,False
,0.0,0.0,0.0,0.0,0.0,0,0,1,0,1,0,0,1,1,0,True
18.0,0.0,0.0,0.0,0.0,0.0,1,0,0,0,1,0,0,1,1,0,False
10.0,0.0,0.0,0.0,0.0,0.0,1,0,0,0,1,0,0,1,1,0,True
29.0,304.0,0.0,48.0,946.0,0.0,0,0,1,1,0,0,0,1,1,0,False
19.0,0.0,3.0,0.0,918.0,2346.0,0,1,0,1,0,0,0,1,1,0,False
38.0,86.0,1144.0,783.0,0.0,0.0,0,0,1,1,0,0,0,1,1,0,True
0.0,0.0,0.0,0.0,0.0,0.0,0,0,1,1,0,0,0,1,1,0,True
27.0,0.0,,0.0,1866.0,676.0,0,1,0,1,0,0,0,0,1,0,True
28.0,1722.0,5063.0,0.0,87.0,920.0,0,1,0,1,0,0,0,1,1,0,False
0.0,0.0,0.0,0.0,0.0,0.0,1,0,0,1,0,0,0,1,1,0,True
23.0,218.0,0.0,2267.0,497.0,0.0,0,0,1,1,0,1,0,0,1,0,False
24.0,0.0,0.0,729.0,,75.0,1,0,0,1,0,0,0,1,1,0,False
23.0,0.0,0.0,0.0,0.0,693.0,1,0,0,1,0,0,0,1,1,0,False
39.0,799.0,0.0,0.0,4.0,0.0,1,0,0,1,0,0,0,1,1,0,False
48.0,0.0,,0.0,408.0,293.0,0,1,0,1,0,0,0,1,1,0,True
27.0,1403.0,169.0,1081.0,0.0,0.0,1,0,0,1,0,0,0,1,1,0,False
18.0,0.0,0.0,1792.0,16.0,248.0,1,0,0,1,0,0,1,0,1,0,False
61.0,0.0,0.0,0.0,0.0,0.0,0,0,1,0,1,0,0,1,1,0,True
24.0,462.0,0.0,0.0,0.0,240.0,1,0,0,1,0,0,0,1,1,0,False
25.0,0.0,0.0,0.0,0.0,0.0,1,0,0,0,1,0,1,0,1,0,True
3.0,0.0,0.0,0.0,0.0,0.0,1,0,0,0,1,0,0,1,1,0,True
8.0,0.0,0.0,0.0,0.0,0.0,1,0,0,1,0,0,0,1,0,0,False
21.0,163.0,146.0,54.0,245.0,95.0,1,0,0,1,0,0,0,1,1,0,False
22.0,2.0,104.0,404.0,0.0,0.0,1,0,0,1,0,0,1,0,1,0,True
15.0,0.0,0.0,0.0,0.0,0.0,0,1,0,0,1,0,0,1,1,0,True
21.0,1214.0,179.0,566.0,,619.0,0,0,1,1,0,0,0,1,1,0,False
18.0,0.0,0.0,0.0,206.0,2684.0,0,1,0,1,0,0,0,1,1,0,False
27.0,1.0,30.0,739.0,0.0,33.0,1,0,0,1,0,0,0,1,1,0,True
32.0,725.0,0.0,1641.0,0.0,0.0,0,0,1,1,0,0,0,1,1,0,False
16.0,0.0,0.0,0.0,0.0,0.0,1,0,0,0,1,1,0,0,1,0,True
40.0,0.0,0.0,0.0,0.0,0.0,0,1,0,0,1,1,0,0,1,0,True
57.0,0.0,4301.0,31.0,665.0,6329.0,0,1,0,1,0,1,0,0,1,0,False
19.0,0.0,0.0,0.0,0.0,0.0,0,1,0,0,1,1,0,0,1,0,True
26.0,1.0,5610.0,0.0,5.0,119.0,0,1,0,1,0,0,0,1,0,1,True
23.0,0.0,0.0,0.0,0.0,0.0,1,0,0,0,1,1,0,0,1,0,True
31.0,8243.0,280.0,0.0,3220.0,2285.0,0,1,0,0,0,1,0,0,0,1,False
27.0,244.0,0.0,492.0,297.0,23.0,0,0,1,1,0,0,0,1,1,0,True
47.0,0.0,0.0,0.0,0.0,0.0,1,0,0,0,1,1,0,0,1,0,False
19.0,0.0,0.0,0.0,0.0,0.0,1,0,0,0,1,0,0,1,1,0,True
18.0,0.0,0.0,0.0,0.0,0.0,0,1,0,0,1,1,0,0,1,0,True
2.0,0.0,0.0,0.0,0.0,0.0,0,0,1,0,1,0,0,1,1,0,True
0.0,0.0,0.0,0.0,0.0,0.0,0,0,1,1,0,0,0,1,1,0,True
51.0,590.0,28.0,73.0,0.0,82.0,1,0,0,1,0,0,1,0,1,0,False
20.0,,0.0,0.0,327.0,0.0,1,0,0,1,0,0,0,1,1,0,True
23.0,348.0,210.0,0.0,0.0,1.0,1,0,0,1,0,1,0,0,1,0,False
45.0,1093.0,950.0,341.0,0.0,0.0,0,0,1,1,0,0,0,1,0,1,False
33.0,1914.0,5.0,0.0,0.0,228.0,0,0,1,1,0,1,0,0,1,0,True
53.0,0.0,847.0,,630.0,2060.0,0,1,0,1,0,0,0,1,1,0,False
3.0,0.0,0.0,0.0,0.0,0.0,0,0,1,1,0,0,0,1,1,0,True
26.0,5757.0,0.0,206.0,0.0,0.0,0,0,1,1,0,0,0,1,1,0,False
25.0,0.0,0.0,0.0,0.0,0.0,0,1,0,0,1,0,0,1,0,1,True
22.0,4.0,0.0,72.0,21.0,600.0,1,0,0,1,0,0,0,1,1,0,False
50.0,748.0,164.0,269.0,0.0,0.0,0,0,1,1,0,0,0,1,1,0,False
59.0,0.0,0.0,0.0,0.0,0.0,0,0,1,0,1,0,0,1,1,0,True
37.0,210.0,3.0,601.0,1.0,68.0,1,0,0,1,0,0,0,1,1,0,False
22.0,0.0,0.0,0.0,0.0,0.0,0,0,1,0,1,0,0,1,1,0,True
25.0,0.0,0.0,0.0,0.0,0.0,0,1,0,0,1,1,0,0,1,0,True
67.0,0.0,82.0,0.0,2279.0,293.0,0,1,0,1,0,0,0,1,1,0,False
24.0,2.0,644.0,0.0,0.0,0.0,1,0,0,1,0,1,0,0,1,0,False
23.0,4.0,3.0,1785.0,0.0,0.0,1,0,0,1,0,0,0,1,1,0,True
43.0,27.0,0.0,797.0,830.0,161.0,0,0,1,1,0,0,0,1,1,0,False
16.0,0.0,0.0,0.0,0.0,0.0,0,1,0,0,1,0,0,1,1,0,True
4.0,0.0,0.0,0.0,0.0,0.0,1,0,0,1,0,0,0,1,1,0,True
21.0,0.0,0.0,0.0,0.0,0.0,0,0,1,0,1,0,0,1,1,0,False
50.0,133.0,0.0,525.0,0.0,31.0,1,0,0,1,0,0,0,0,1,0,False
3.0,0.0,0.0,0.0,0.0,0.0,0,0,1,1,0,0,0,1,1,0,True
23.0,1.0,26.0,1908.0,318.0,0.0,1,0,0,1,0,1,0,0,1,0,True
32.0,0.0,1285.0,0.0,3030.0,334.0,0,1,0,1,0,0,0,1,1,0,False
35.0,777.0,0.0,23.0,0.0,61.0,1,0,0,1,0,0,0,1,1,0,False
40.0,0.0,0.0,0.0,0.0,0.0,1,0,0,0,1,1,0,0,0,0,True
31.0,949.0,0.0,22.0,0.0,0.0,1,0,0,1,0,0,0,1,1,0,False
8.0,0.0,0.0,0.0,0.0,0.0,1,0,0,1,0,0,0,1,1,0,False
55.0,506.0,0.0,456.0,0.0,0.0,1,0,0,1,0,0,0,1,1,0,False
1.0,0.0,0.0,0.0,0.0,0.0,0,0,1,1,0,0,0,1,1,0,True
24.0,0.0,,594.0,95.0,0.0,1,0,0,1,0,0,0,1,1,0,True
8.0,0.0,0.0,0.0,0.0,0.0,1,0,0,0,1,0,0,1,1,0,False
44.0,84.0,0.0,308.0,0.0,1179.0,1,0,0,1,0,0,0,1,1,0,False
28.0,679.0,0.0,0.0,0.0,0.0,1,0,0,1,0,0,1,0,1,0,False
33.0,0.0,3076.0,0.0,3.0,994.0,0,1,0,1,0,0,0,1,0,1,False
36.0,2002.0,0.0,10.0,87.0,0.0,0,0,1,1,0,0,0,1,1,0,False
38.0,32.0,1163.0,0.0,52.0,1935.0,1,0,0,1,0,0,0,1,1,0,False
23.0,1254.0,0.0,45.0,0.0,0.0,1,0,0,1,0,0,0,1,1,0,False
32.0,0.0,0.0,0.0,0.0,0.0,1,0,0,0,1,0,1,0,1,0,False
62.0,0.0,592.0,164.0,0.0,0.0,1,0,0,1,0,0,0,1,1,0,True
,22.0,226.0,0.0,0.0,633.0,1,0,0,1,0,0,0,1,1,0,False
35.0,2758.0,0.0,1.0,0.0,0.0,0,0,1,1,0,0,0,1,1,0,False
25.0,520.0,0.0,139.0,0.0,77.0,0,0,1,1,0,0,0,1,1,0,False
44.0,1.0,0.0,2080.0,11.0,0.0,0,0,1,1,0,0,0,1,1,0,True
6.0,0.0,0.0,0.0,0.0,0.0,1,0,0,1,0,0,0,1,1,0,False
0.0,0.0,0.0,0.0,0.0,0.0,1,0,0,0,1,0,0,1,1,0,True
37.0,0.0,0.0,11.0,1028.0,7.0,1,0,0,1,0,0,0,1,1,0,False
53.0,0.0,1127.0,0.0,3939.0,,0,1,0,1,0,1,0,0,1,0,False
29.0,257.0,0.0,782.0,8.0,3.0,0,0,1,1,0,0,0,1,1,0,False
24.0,0.0,0.0,0.0,0.0,0.0,1,0,0,0,1,0,0,1,1,0,True
21.0,2.0,,0.0,634.0,0.0,1,0,0,1,0,1,0,0,1,0,False
4.0,0.0,0.0,0.0,0.0,0.0,1,0,0,1,0,0,0,1,1,0,True
20.0,11.0,0.0,0.0,843.0,0.0,1,0,0,1,0,0,0,1,1,0,False
14.0,0.0,1427.0,148.0,0.0,7.0,1,0,0,1,0,0,0,1,1,0,True
3.0,0.0,0.0,0.0,0.0,0.0,1,0,0,0,1,1,0,0,1,0,True
29.0,0.0,0.0,0.0,0.0,0.0,0,1,0,0,1,0,0,1,1,0,True
32.0,81.0,0.0,1363.0,0.0,0.0,0,0,1,1,0,0,0,1,1,0,True
38.0,0.0,2532.0,0.0,204.0,0.0,1,0,0,1,0,0,0,1,1,0,True
25.0,1369.0,310.0,3.0,4502.0,377.0,0,1,0,1,0,1,0,0,1,0,False
46.0,1384.0,229.0,0.0,1572.0,1.0,0,1,0,1,0,0,0,1,1,0,False
37.0,88.0,0.0,719.0,88.0,0.0,1,0,0,1,0,1,0,0,1,0,True
,0.0,0.0,0.0,0.0,0.0,1,0,0,0,1,0,0,1,1,0,False
26.0,903.0,0.0,182.0,0.0,27.0,1,0,0,1,0,0,0,1,1,0,False
18.0,0.0,181.0,628.0,0.0,0.0,1,0,0,1,0,0,0,1,0,0,True
19.0,1037.0,0.0,40.0,0.0,0.0,0,0,0,1,0,0,0,1,1,0,True
41.0,22.0,484.0,354.0,0.0,0.0,0,0,1,1,0,0,0,1,0,1,False
21.0,0.0,0.0,0.0,0.0,0.0,0,0,1,0,1,0,0,1,1,0,True
32.0,0.0,2583.0,3.0,500.0,129.0,0,1,0,1,0,0,0,1,1,0,True
,0.0,0.0,0.0,0.0,0.0,0,1,0,0,1,0,0,1,1,0,True
28.0,0.0,0.0,0.0,0.0,0.0,0,1,0,0,1,1,0,0,1,0,True
24.0,0.0,784.0,5.0,0.0,1.0,1,0,0,1,0,1,0,0,1,0,True
24.0,121.0,10.0,341.0,307.0,47.0,1,0,0,1,0,0,0,1,1,0,False
39.0,0.0,798.0,0.0,56.0,0.0,1,0,0,1,0,0,0,1,1,0,True
31.0,0.0,0.0,0.0,0.0,0.0,1,0,0,0,1,0,0,1,1,0,True
23.0,0.0,0.0,0.0,0.0,0.0,0,0,1,0,1,0,0,1,1,0,True
8.0,0.0,0.0,0.0,0.0,0.0,0,0,0,1,0,0,0,1,1,0,False
29.0,876.0,1.0,54.0,125.0,0.0,0,0,1,1,0,0,0,1,1,0,False
58.0,0.0,0.0,620.0,0.0,0.0,1,0,0,1,0,1,0,0,1,0,False
4.0,0.0,0.0,0.0,0.0,0.0,1,0,0,0,1,0,0,1,1,0,False
1.0,0.0,0.0,0.0,0.0,0.0,1,0,0,1,0,0,1,0,1,0,True
28.0,0.0,16.0,496.0,318.0,0.0,1,0,0,1,0,0,0,1,1,0,False
18.0,0.0,0.0,0.0,0.0,810.0,1,0,0,1,0,0,0,1,1,0,False
23.0,0.0,471.0,120.0,13.0,6.0,1,0,0,1,0,0,1,0,1,0,True
24.0,0.0,0.0,0.0,0.0,0.0,1,0,0,0,1,0,1,0,1,0,True
37.0,528.0,0.0,1598.0,62.0,0.0,0,0,1,1,0,0,0,1,1,0,True
36.0,0.0,3423.0,0.0,466.0,349.0,0,1,0,1,0,0,0,1,1,0,True
0.0,,0.0,0.0,0.0,0.0,1,0,0,0,1,0,1,0,1,0,True
21.0,3036.0,32.0,0.0,2.0,416.0,0,1,0,1,0,0,0,1,0,0,False
73.0,1806.0,0.0,47.0,0.0,0.0,1,0,0,1,0,0,1,0,1,0,False
31.0,0.0,1524.0,0.0,0.0,0.0,1,0,0,1,0,0,0,1,1,0,False
20.0,0.0,0.0,0.0,0.0,0.0,1,0,0,0,1,0,0,0,1,0,True
22.0,0.0,29.0,165.0,404.0,0.0,1,0,0,1,0,0,1,0,1,0,False
26.0,0.0,0.0,0.0,0.0,741.0,1,0,0,1,0,0,0,1,1,0,False
1.0,,0.0,0.0,0.0,0.0,1,0,0,0,1,0,0,1,1,0,True
4.0,0.0,0.0,0.0,0.0,0.0,1,0,0,1,0,0,0,1,1,0,False
18.0,0.0,0.0,0.0,0.0,0.0,0,0,1,0,1,0,0,1,1,0,True
51.0,0.0,0.0,0.0,0.0,0.0,0,1,0,0,1,0,0,1,1,0,True
13.0,0.0,0.0,0.0,0.0,0.0,1,0,0,0,1,0,0,1,1,0,True
35.0,503.0,236.0,2.0,0.0,68.0,1,0,0,1,0,0,0,1,1,0,False
35.0,1.0,0.0,0.0,0.0,803.0,1,0,0,1,0,0,0,1,1,0,False
53.0,24.0,0.0,1105.0,0.0,0.0,0,0,1,1,0,0,0,1,1,0,False
0.0,0.0,0.0,0.0,0.0,0.0,1,0,0,0,1,1,0,0,1,0,True
17.0,,0.0,0.0,0.0,0.0,1,0,0,0,1,0,0,1,1,0,True
20.0,0.0,0.0,0.0,0.0,0.0,0,1,0,0,1,1,0,0,1,0,True
19.0,0.0,0.0,0.0,0.0,0.0,1,0,0,0,1,0,1,0,1,0,True
21.0,128.0,108.0,8.0,3.0,522.0,1,0,0,1,0,0,0,1,1,0,False
18.0,0.0,1.0,0.0,618.0,21.0,1,0,0,1,0,0,0,1,1,0,True
51.0,0.0,0.0,689.0,0.0,32.0,1,0,0,0,0,0,0,1,1,0,False
33.0,0.0,1876.0,0.0,1432.0,14.0,0,1,0,1,0,0,0,1,1,0,False
21.0,0.0,0.0,0.0,0.0,0.0,1,0,0,0,1,0,1,0,1,0,True
33.0,1006.0,0.0,1357.0,45.0,6.0,1,0,0,1,0,1,0,0,1,0,False
30.0,160.0,0.0,719.0,162.0,0.0,0,0,1,1,0,0,0,1,1,0,False
32.0,0.0,0.0,0.0,0.0,0.0,1,0,0,0,0,0,0,1,1,0,False
9.0,0.0,0.0,0.0,0.0,0.0,1,0,0,1,0,0,0,1,1,0,True
48.0,0.0,586.0,784.0,4.0,21.0,1,0,0,1,0,0,0,1,1,0,True
25.0,1258.0,0.0,22.0,19.0,0.0,0,0,0,1,0,0,0,1,1,0,False
43.0,0.0,704.0,0.0,2.0,0.0,1,0,0,1,0,0,0,1,1,0,True
34.0,0.0,0.0,0.0,0.0,0.0,0,0,1,0,1,0,0,1,1,0,True
44.0,0.0,0.0,0.0,0.0,0.0,1,0,0,0,1,0,0,1,1,0,True
16.0,0.0,0.0,0.0,0.0,0.0,1,0,0,0,1,0,0,1,1,0,False
26.0,0.0,749.0,20.0,0.0,0.0,1,0,0,1,0,0,1,0,1,0,False
23.0,0.0,0.0,0.0,0.0,0.0,0,1,0,0,1,0,0,1,1,0,True
35.0,3.0,1376.0,11.0,0.0,360.0,0,0,1,1,0,0,0,1,1,0,False
56.0,0.0,0.0,0.0,0.0,0.0,0,1,0,0,1,0,0,1,1,0,True
22.0,0.0,36.0,1.0,3761.0,4521.0,0,1,0,1,0,1,0,0,1,0,False
36.0,0.0,281.0,0.0,0.0,632.0,1,0,0,1,0,0,0,1,1,0,False
31.0,0.0,522.0,0.0,54.0,332.0,1,0,0,1,0,0,0,1,1,0,False
30.0,0.0,0.0,0.0,0.0,0.0,0,1,0,0,1,1,0,0,0,1,True
36.0,0.0,0.0,,0.0,0.0,1,0,0,0,1,0,0,1,1,0,True
33.0,0.0,688.0,2.0,0.0,426.0,1,0,0,1,0,0,1,0,1,0,False
32.0,0.0,10073.0,0.0,168.0,337.0,0,1,0,1,0,1,0,0,1,0,True
35.0,0.0,0.0,0.0,0.0,0.0,1,0,0,0,0,0,1,0,1,0,False
23.0,381.0,794.0,52.0,654.0,1317.0,0,1,0,1,0,0,0,1,1,0,False
22.0,0.0,0.0,0.0,0.0,0.0,0,0,1,0,1,1,0,0,1,0,True
15.0,0.0,0.0,0.0,0.0,0.0,0,1,0,0,1,0,0,1,1,0,True
52.0,0.0,0.0,0.0,0.0,0.0,0,1,0,0,1,0,0,1,0,0,True
35.0,0.0,0.0,0.0,0.0,0.0,1,0,0,0,1,0,0,1,1,0,True
24.0,0.0,90.0,0.0,795.0,0.0,1,0,0,1,0,0,0,1,1,0,True
51.0,6.0,0.0,0.0,0.0,1164.0,1,0,0,1,0,0,0,1,1,0,True
25.0,2.0,45.0,45.0,0.0,815.0,1,0,0,1,0,0,0,1,1,0,False
1.0,0.0,0.0,0.0,0.0,0.0,1,0,0,0,1,0,1,0,1,0,True
0.0,0.0,0.0,0.0,0.0,0.0,1,0,0,0,1,0,0,1,1,0,True
8.0,0.0,0.0,0.0,0.0,0.0,1,0,0,0,0,0,0,1,1,0,False
2.0,0.0,0.0,0.0,0.0,0.0,0,0,1,0,1,1,0,0,1,0,True
30.0,8.0,752.0,0.0,0.0,687.0,1,0,0,1,0,0,0,1,1,0,True
37.0,0.0,0.0,0.0,0.0,0.0,1,0,0,0,1,0,0,1,1,0,False
32.0,0.0,0.0,0.0,0.0,0.0,1,0,0,0,0,0,0,1,1,0,True
33.0,0.0,0.0,0.0,0.0,,1,0,0,0,1,0,0,1,1,0,False
19.0,0.0,0.0,0.0,0.0,0.0,0,1,0,0,1,1,0,0,1,0,True
18.0,0.0,0.0,0.0,0.0,0.0,1,0,0,0,1,0,1,0,1,0,False
26.0,0.0,0.0,1872.0,1.0,0.0,1,0,0,1,0,0,0,1,1,0,True
